campaign_id,environment,primitive,seed,train_steps,horizon,baseline_psnr,candidate_psnr,delta_psnr,baseline_ssim,candidate_ssim,delta_ssim,baseline_masked_mse,candidate_masked_mse,delta_masked_mse
acwm-autoloop-confirm-cloth_move-inv_dyn_reward_finetune-s2812-t1000-r1,cloth_move,inv_dyn_reward_finetune,2812,1000,16,24.01089321038828,24.009594269832263,-0.0012989405560155376,0.9374610781669617,0.9394401013851166,0.0019790232181549072,0.03960104659199715,0.04489656165242195,0.005295515060424805
acwm-autoloop-confirm-cloth_move-inv_dyn_reward_finetune-s2812-t1000-r1,cloth_move,inv_dyn_reward_finetune,2812,1000,32,20.589571426648146,21.836958551152065,1.2473871245039199,0.9206381570547819,0.9268940147012472,0.0062558576464653015,0.06125926226377487,0.056617673486471176,-0.004641588777303696
acwm-autoloop-confirm-cloth_move-inv_dyn_reward_finetune-s2812-t1000-r1,cloth_move,inv_dyn_reward_finetune,2812,1000,48,19.27522625598234,20.00204648580988,0.7268202298275419,0.9110375866293907,0.9160134568810463,0.004975870251655579,0.06917846202850342,0.06482693552970886,-0.004351526498794556
acwm-autoloop-confirm-cloth_move-motion_region_reweight-s2814-t1000-r1,cloth_move,motion_region_reweight,2814,1000,16,24.01089321038828,25.1410835932005,1.13019038281222,0.9374610781669617,0.9427609741687775,0.005299896001815796,0.03960104659199715,0.03219205141067505,-0.007408995181322098
acwm-autoloop-confirm-cloth_move-motion_region_reweight-s2814-t1000-r1,cloth_move,motion_region_reweight,2814,1000,32,20.589571426648146,21.379314478906988,0.7897430522588422,0.9206381570547819,0.9235225562006235,0.0028843991458415985,0.06125926226377487,0.049553003162145615,-0.011706259101629257
acwm-autoloop-confirm-cloth_move-motion_region_reweight-s2814-t1000-r1,cloth_move,motion_region_reweight,2814,1000,48,19.27522625598234,19.476279053084756,0.20105279710241675,0.9110375866293907,0.9123273367683092,0.0012897501389185217,0.06917846202850342,0.0705023854970932,0.0013239234685897827
acwm-autoloop-confirm-cloth_move-next_forcing-s2802-t1000-r1,cloth_move,next_forcing,2802,1000,16,24.01089321038828,21.204917464467844,-2.805975745920435,0.9374610781669617,0.9266755804419518,-0.010785497725009918,0.03960104659199715,0.07374823838472366,0.03414719179272652
acwm-autoloop-confirm-cloth_move-next_forcing-s2802-t1000-r1,cloth_move,next_forcing,2802,1000,32,20.589571426648146,18.288345082605446,-2.3012263440427,0.9206381570547819,0.9074942730367184,-0.013143884018063545,0.06125926226377487,0.11887253075838089,0.05761326849460602
acwm-autoloop-confirm-cloth_move-next_forcing-s2802-t1000-r1,cloth_move,next_forcing,2802,1000,48,19.27522625598234,17.426436058502123,-1.8487901974802163,0.9110375866293907,0.8996773896118005,-0.011360197017590168,0.06917846202850342,0.1183634027838707,0.04918494075536728
acwm-autoloop-confirm-cloth_move-self_forcing_finetune-s2805-t1000-r1,cloth_move,self_forcing_finetune,2805,1000,16,24.01089321038828,24.370143212823162,0.3592500024348837,0.9374610781669617,0.9434692487120628,0.006008170545101166,0.03960104659199715,0.03995586931705475,0.00035482272505760193
acwm-autoloop-confirm-cloth_move-self_forcing_finetune-s2805-t1000-r1,cloth_move,self_forcing_finetune,2805,1000,32,20.589571426648146,21.38961823113508,0.8000468044869358,0.9206381570547819,0.9317094217985868,0.011071264743804932,0.06125926226377487,0.06513212621212006,0.0038728639483451843
acwm-autoloop-confirm-cloth_move-self_forcing_finetune-s2805-t1000-r1,cloth_move,self_forcing_finetune,2805,1000,48,19.27522625598234,20.07337803358539,0.7981517776030493,0.9110375866293907,0.9267888230582079,0.01575123642881715,0.06917846202850342,0.07708251476287842,0.007904052734375
acwm-autoloop-confirm-pour_water-motion_region_reweight-s3060-t1000-r1,pour_water,motion_region_reweight,3060,1000,16,31.025167637688973,29.241974858422637,-1.7831927792663365,0.9759492799639702,0.968633946031332,-0.007315333932638168,0.01284656673669815,0.019168350845575333,0.006321784108877182
acwm-autoloop-confirm-pour_water-motion_region_reweight-s3060-t1000-r1,pour_water,motion_region_reweight,3060,1000,32,28.98902489729537,27.28933164670248,-1.6996932505928903,0.9664606619626284,0.9565019328147173,-0.009958729147911072,0.0099295973777771,0.014962418004870415,0.005032820627093315
acwm-autoloop-confirm-pour_water-motion_region_reweight-s3060-t1000-r1,pour_water,motion_region_reweight,3060,1000,48,29.228558765336892,26.667769100646055,-2.5607896646908372,0.9633740074932575,0.9513378764192263,-0.012036131074031231,0.006097163073718548,0.012130250222980976,0.006033087149262428
acwm-autoloop-confirm-pour_water-motion_region_reweight-s3060-t1000-r1,pour_water,motion_region_reweight,3060,1000,64,28.59194623392821,26.001434990796874,-2.590511243131335,0.9566183453425765,0.9461010750383139,-0.010517270304262638,0.005958786699920893,0.011660714633762836,0.005701927933841944
acwm-autoloop-confirm-robot_arm-next_forcing-s2826-t1000-r1,robot_arm,next_forcing,2826,1000,16,31.767697530604035,30.24864115345256,-1.5190563771514753,0.9791081286966801,0.976759523153305,-0.0023486055433750153,0.006517000962048769,0.010488593019545078,0.003971592057496309
acwm-autoloop-confirm-robot_arm-next_forcing-s2826-t1000-r1,robot_arm,next_forcing,2826,1000,32,30.749483165875166,28.682885007753605,-2.066598158121561,0.9764675870537758,0.9714733101427555,-0.004994276911020279,0.008166683837771416,0.014255737885832787,0.006089054048061371
acwm-autoloop-confirm-robot_arm-next_forcing-s2826-t1000-r1,robot_arm,next_forcing,2826,1000,48,29.039261534953717,28.276703942064557,-0.7625575928891593,0.9710825880368551,0.9693947558601698,-0.0016878321766853333,0.013156680390238762,0.0164056234061718,0.003248943015933037
acwm-autoloop-confirm-robot_arm-self_forcing_finetune-s2830-t1000-r1,robot_arm,self_forcing_finetune,2830,1000,16,31.767697530604035,32.00441573347594,0.23671820287190215,0.9791081286966801,0.9820737466216087,0.002965617924928665,0.006517000962048769,0.007506418973207474,0.0009894180111587048
acwm-autoloop-confirm-robot_arm-self_forcing_finetune-s2830-t1000-r1,robot_arm,self_forcing_finetune,2830,1000,32,30.749483165875166,29.153070008040416,-1.5964131578347498,0.9764675870537758,0.9729904029518366,-0.0034771841019392014,0.008166683837771416,0.014347970485687256,0.00618128664791584
acwm-autoloop-confirm-robot_arm-self_forcing_finetune-s2830-t1000-r1,robot_arm,self_forcing_finetune,2830,1000,48,29.039261534953717,28.52453679308036,-0.5147247418733549,0.9710825880368551,0.9699722516040007,-0.0011103364328544085,0.013156680390238762,0.01647859811782837,0.0033219177275896072
acwm-autoloop-screen-cloth_move-action_contrastive_finetune-s2700-t512-r1,cloth_move,action_contrastive_finetune,2700,512,16,24.01089321038828,22.432115223294247,-1.578777987094032,0.9374610781669617,0.9288089014589787,-0.008652176707983017,0.03960104659199715,0.03806048631668091,-0.0015405602753162384
acwm-autoloop-screen-cloth_move-action_contrastive_finetune-s2700-t512-r1,cloth_move,action_contrastive_finetune,2700,512,32,20.589571426648146,18.246603164804775,-2.342968261843371,0.9206381570547819,0.9019013699144125,-0.018736787140369415,0.06125926226377487,0.0653727576136589,0.004113495349884033
acwm-autoloop-screen-cloth_move-action_contrastive_finetune-s2700-t512-r1,cloth_move,action_contrastive_finetune,2700,512,48,19.27522625598234,17.053580852795836,-2.2216454031865034,0.9110375866293907,0.8918344949682554,-0.01920309166113532,0.06917846202850342,0.08702615648508072,0.0178476944565773
acwm-autoloop-screen-cloth_move-action_contrastive_finetune-s2806-t512-r1,cloth_move,action_contrastive_finetune,2806,512,16,24.01089321038828,22.50858653896188,-1.5023066714263997,0.9374610781669617,0.9325920306146145,-0.004869047552347183,0.03960104659199715,0.06254687160253525,0.0229458250105381
acwm-autoloop-screen-cloth_move-action_contrastive_finetune-s2806-t512-r1,cloth_move,action_contrastive_finetune,2806,512,32,20.589571426648146,20.10819820276048,-0.48137322388766535,0.9206381570547819,0.9185878876596689,-0.0020502693951129913,0.06125926226377487,0.08529802411794662,0.024038761854171753
acwm-autoloop-screen-cloth_move-action_contrastive_finetune-s2806-t512-r1,cloth_move,action_contrastive_finetune,2806,512,48,19.27522625598234,19.005855731349598,-0.26937052463274114,0.9110375866293907,0.9114379920065403,0.0004004053771495819,0.06917846202850342,0.09324847906827927,0.02407001703977585
acwm-autoloop-screen-cloth_move-action_contrastive_finetune-s2807-t512-r1,cloth_move,action_contrastive_finetune,2807,512,16,24.01089321038828,22.388877418734026,-1.6220157916542526,0.9374610781669617,0.929122980684042,-0.008338097482919693,0.03960104659199715,0.06263651698827744,0.02303547039628029
acwm-autoloop-screen-cloth_move-action_contrastive_finetune-s2807-t512-r1,cloth_move,action_contrastive_finetune,2807,512,32,20.589571426648146,18.982677392502573,-1.6068940341455722,0.9206381570547819,0.9096383824944496,-0.010999774560332298,0.06125926226377487,0.10291287302970886,0.04165361076593399
acwm-autoloop-screen-cloth_move-action_contrastive_finetune-s2807-t512-r1,cloth_move,action_contrastive_finetune,2807,512,48,19.27522625598234,17.597325994640972,-1.6779002613413674,0.9110375866293907,0.8965905358393987,-0.014447050789991978,0.06917846202850342,0.11622641235589981,0.04704795032739639
acwm-autoloop-screen-cloth_move-action_contrastive_finetune-s2808-t512-r1,cloth_move,action_contrastive_finetune,2808,512,16,24.01089321038828,22.500722744814198,-1.510170465574081,0.9374610781669617,0.9316124022006989,-0.005848675966262817,0.03960104659199715,0.05696526914834976,0.017364222556352615
acwm-autoloop-screen-cloth_move-action_contrastive_finetune-s2808-t512-r1,cloth_move,action_contrastive_finetune,2808,512,32,20.589571426648146,20.33631174412291,-0.25325968252523623,0.9206381570547819,0.9187758006155491,-0.0018623564392328262,0.06125926226377487,0.0796002447605133,0.018340982496738434
acwm-autoloop-screen-cloth_move-action_contrastive_finetune-s2808-t512-r1,cloth_move,action_contrastive_finetune,2808,512,48,19.27522625598234,18.648265232551978,-0.6269610234303613,0.9110375866293907,0.9064558930695057,-0.004581693559885025,0.06917846202850342,0.09516637027263641,0.025987908244132996
acwm-autoloop-screen-cloth_move-action_contrastive_finetune-s2809-t512-r1,cloth_move,action_contrastive_finetune,2809,512,16,24.01089321038828,23.978739396202723,-0.03215381418555552,0.9374610781669617,0.9383635856211185,0.0009025074541568756,0.03960104659199715,0.04603864625096321,0.0064375996589660645
acwm-autoloop-screen-cloth_move-action_contrastive_finetune-s2809-t512-r1,cloth_move,action_contrastive_finetune,2809,512,32,20.589571426648146,22.384409584199055,1.7948381575509096,0.9206381570547819,0.9298110622912645,0.00917290523648262,0.06125926226377487,0.055281054228544235,-0.005978208035230637
acwm-autoloop-screen-cloth_move-action_contrastive_finetune-s2809-t512-r1,cloth_move,action_contrastive_finetune,2809,512,48,19.27522625598234,21.088657735935907,1.813431479953568,0.9110375866293907,0.9246094090243181,0.01357182239492738,0.06917846202850342,0.062175050377845764,-0.007003411650657654
acwm-autoloop-screen-cloth_move-cfg_guidance_schedule-s914-t512-r1,cloth_move,cfg_guidance_schedule,914,512,16,24.01089321038828,24.512825384903195,0.5019321745149163,0.9374610781669617,0.9395963214337826,0.0021352432668209076,0.03960104659199715,0.036458879709243774,-0.003142166882753372
acwm-autoloop-screen-cloth_move-cfg_guidance_schedule-s914-t512-r1,cloth_move,cfg_guidance_schedule,914,512,32,20.589571426648146,21.410264666651546,0.8206932400034006,0.9206381570547819,0.9214086085557938,0.0007704515010118484,0.06125926226377487,0.05388152226805687,-0.007377739995718002
acwm-autoloop-screen-cloth_move-cfg_guidance_schedule-s914-t512-r1,cloth_move,cfg_guidance_schedule,914,512,48,19.27522625598234,19.94861795715897,0.6733917011766302,0.9110375866293907,0.913423498471578,0.0023859118421872827,0.06917846202850342,0.0655963197350502,-0.0035821422934532166
acwm-autoloop-screen-cloth_move-dino_rep_injection-s2701-t512-r1,cloth_move,dino_rep_injection,2701,512,16,24.01089321038828,22.93487690582691,-1.0760163045613673,0.9374610781669617,0.9325180351734161,-0.004943042993545532,0.03960104659199715,0.056177008897066116,0.01657596230506897
acwm-autoloop-screen-cloth_move-dino_rep_injection-s2701-t512-r1,cloth_move,dino_rep_injection,2701,512,32,20.589571426648146,19.770430946505194,-0.819140480142952,0.9206381570547819,0.91293815523386,-0.007700001820921898,0.06125926226377487,0.09081705659627914,0.029557794332504272
acwm-autoloop-screen-cloth_move-dino_rep_injection-s2701-t512-r1,cloth_move,dino_rep_injection,2701,512,48,19.27522625598234,18.687305482340534,-0.5879207736418053,0.9110375866293907,0.9038661010563374,-0.00717148557305336,0.06917846202850342,0.0993264764547348,0.030148014426231384
acwm-autoloop-screen-cloth_move-dino_rep_injection-s2813-t512-r1,cloth_move,dino_rep_injection,2813,512,16,24.01089321038828,24.240274076740008,0.22938086635172894,0.9374610781669617,0.9397194497287273,0.0022583715617656708,0.03960104659199715,0.03885743394494057,-0.0007436126470565796
acwm-autoloop-screen-cloth_move-dino_rep_injection-s2813-t512-r1,cloth_move,dino_rep_injection,2813,512,32,20.589571426648146,21.17692958191443,0.5873581552662834,0.9206381570547819,0.9292070511728525,0.008568894118070602,0.06125926226377487,0.06666485220193863,0.005405589938163757
acwm-autoloop-screen-cloth_move-dino_rep_injection-s2813-t512-r1,cloth_move,dino_rep_injection,2813,512,48,19.27522625598234,19.85863043130623,0.5834041753238921,0.9110375866293907,0.9234704785048962,0.012432891875505447,0.06917846202850342,0.07956858724355698,0.010390125215053558
acwm-autoloop-screen-cloth_move-first_frame_anchor-s903-t512-r1,cloth_move,first_frame_anchor,903,512,16,24.01089321038828,23.902763676129073,-0.10812953425920568,0.9374610781669617,0.9396077953279018,0.0021467171609401703,0.03960104659199715,0.03608911484479904,-0.003511931747198105
acwm-autoloop-screen-cloth_move-first_frame_anchor-s903-t512-r1,cloth_move,first_frame_anchor,903,512,32,20.589571426648146,19.44153947359044,-1.148031953057707,0.9206381570547819,0.9149122051894665,-0.005725951865315437,0.06125926226377487,0.060206830501556396,-0.0010524317622184753
acwm-autoloop-screen-cloth_move-first_frame_anchor-s903-t512-r1,cloth_move,first_frame_anchor,903,512,48,19.27522625598234,17.910183323549766,-1.3650429324325728,0.9110375866293907,0.9047414424518744,-0.0062961441775163385,0.06917846202850342,0.08359480649232864,0.014416344463825226
acwm-autoloop-screen-cloth_move-history_noise_schedule-s821-t512-r1,cloth_move,history_noise_schedule,821,512,16,24.01089321038828,23.099194729529668,-0.911698480858611,0.9374610781669617,0.9354524724185467,-0.0020086057484149933,0.03960104659199715,0.05770257115364075,0.0181015245616436
acwm-autoloop-screen-cloth_move-history_noise_schedule-s821-t512-r1,cloth_move,history_noise_schedule,821,512,32,20.589571426648146,21.560762458188123,0.971191031539977,0.9206381570547819,0.923643721267581,0.0030055642127990723,0.06125926226377487,0.07369116693735123,0.012431904673576355
acwm-autoloop-screen-cloth_move-history_noise_schedule-s821-t512-r1,cloth_move,history_noise_schedule,821,512,48,19.27522625598234,21.393370333865313,2.118144077882974,0.9110375866293907,0.9229104556143284,0.011872868984937668,0.06917846202850342,0.07173268496990204,0.0025542229413986206
acwm-autoloop-screen-cloth_move-inv_dyn_reward_finetune-s2810-t512-r1,cloth_move,inv_dyn_reward_finetune,2810,512,16,24.01089321038828,23.531927730099888,-0.4789654802883909,0.9374610781669617,0.9355967566370964,-0.001864321529865265,0.03960104659199715,0.03856419771909714,-0.0010368488729000092
acwm-autoloop-screen-cloth_move-inv_dyn_reward_finetune-s2810-t512-r1,cloth_move,inv_dyn_reward_finetune,2810,512,32,20.589571426648146,19.286391707955065,-1.3031797186930802,0.9206381570547819,0.9116716645658016,-0.008966492488980293,0.06125926226377487,0.05850089341402054,-0.0027583688497543335
acwm-autoloop-screen-cloth_move-inv_dyn_reward_finetune-s2810-t512-r1,cloth_move,inv_dyn_reward_finetune,2810,512,48,19.27522625598234,17.811319758666343,-1.463906497315996,0.9110375866293907,0.9011965331931909,-0.009841053436199787,0.06917846202850342,0.08160733431577682,0.012428872287273407
acwm-autoloop-screen-cloth_move-inv_dyn_reward_finetune-s2811-t512-r1,cloth_move,inv_dyn_reward_finetune,2811,512,16,24.01089321038828,23.99901101419253,-0.011882196195749373,0.9374610781669617,0.9394937008619308,0.0020326226949691772,0.03960104659199715,0.039464421570301056,-0.0001366250216960907
acwm-autoloop-screen-cloth_move-inv_dyn_reward_finetune-s2811-t512-r1,cloth_move,inv_dyn_reward_finetune,2811,512,32,20.589571426648146,20.91272769044895,0.3231562638008043,0.9206381570547819,0.9243584610521793,0.003720303997397423,0.06125926226377487,0.06203540042042732,0.0007761381566524506
acwm-autoloop-screen-cloth_move-inv_dyn_reward_finetune-s2811-t512-r1,cloth_move,inv_dyn_reward_finetune,2811,512,48,19.27522625598234,19.70258388127268,0.42735762529034105,0.9110375866293907,0.9163412190973759,0.005303632467985153,0.06917846202850342,0.06895285844802856,-0.00022560358047485352
acwm-autoloop-screen-cloth_move-inv_dyn_reward_finetune-s2812-t512-r1,cloth_move,inv_dyn_reward_finetune,2812,512,16,24.01089321038828,23.713013115626538,-0.2978800947617408,0.9374610781669617,0.9389375448226929,0.0014764666557312012,0.03960104659199715,0.04908526688814163,0.009484220296144485
acwm-autoloop-screen-cloth_move-inv_dyn_reward_finetune-s2812-t512-r1,cloth_move,inv_dyn_reward_finetune,2812,512,32,20.589571426648146,21.201762002091478,0.6121905754433321,0.9206381570547819,0.9254917670041323,0.004853609949350357,0.06125926226377487,0.07427239418029785,0.01301313191652298
acwm-autoloop-screen-cloth_move-inv_dyn_reward_finetune-s2812-t512-r1,cloth_move,inv_dyn_reward_finetune,2812,512,48,19.27522625598234,19.21290996435891,-0.062316291623428555,0.9110375866293907,0.9129849548141161,0.0019473681847254065,0.06917846202850342,0.09224537014961243,0.02306690812110901
acwm-autoloop-screen-cloth_move-latent_spatial_memory-s872-t512-r1,cloth_move,latent_spatial_memory,872,512,16,24.01089321038828,20.946614318488553,-3.0642788918997255,0.9374610781669617,0.9271450899541378,-0.010315988212823868,0.03960104659199715,0.08258692920207977,0.042985882610082626
acwm-autoloop-screen-cloth_move-latent_spatial_memory-s872-t512-r1,cloth_move,latent_spatial_memory,872,512,32,20.589571426648146,18.48093195809207,-2.108639468556074,0.9206381570547819,0.9085251670330763,-0.012112990021705627,0.06125926226377487,0.11661196500062943,0.05535270273685455
acwm-autoloop-screen-cloth_move-latent_spatial_memory-s872-t512-r1,cloth_move,latent_spatial_memory,872,512,48,19.27522625598234,17.608468047009268,-1.6667582089730715,0.9110375866293907,0.9007691368460655,-0.010268449783325195,0.06917846202850342,0.1112152710556984,0.04203680902719498
acwm-autoloop-screen-cloth_move-mixture_reweight-s2800-t512-r1,cloth_move,mixture_reweight,2800,512,16,24.01089321038828,24.612884231848646,0.6019910214603676,0.9374610781669617,0.9430150985717773,0.005554020404815674,0.03960104659199715,0.03537546098232269,-0.004225585609674454
acwm-autoloop-screen-cloth_move-mixture_reweight-s2800-t512-r1,cloth_move,mixture_reweight,2800,512,32,20.589571426648146,22.04615344722447,1.4565820205763238,0.9206381570547819,0.9278576523065567,0.007219495251774788,0.06125926226377487,0.054969657212495804,-0.006289605051279068
acwm-autoloop-screen-cloth_move-mixture_reweight-s2800-t512-r1,cloth_move,mixture_reweight,2800,512,48,19.27522625598234,21.78670629446731,2.5114800384849723,0.9110375866293907,0.9275569282472134,0.016519341617822647,0.06917846202850342,0.06049635261297226,-0.008682109415531158
acwm-autoloop-screen-cloth_move-motion_region_reweight-s2702-t512-r1,cloth_move,motion_region_reweight,2702,512,16,24.01089321038828,23.262819881551987,-0.7480733288362913,0.9374610781669617,0.9332052618265152,-0.004255816340446472,0.03960104659199715,0.052233584225177765,0.012632537633180618
acwm-autoloop-screen-cloth_move-motion_region_reweight-s2702-t512-r1,cloth_move,motion_region_reweight,2702,512,32,20.589571426648146,20.69782615931358,0.10825473266543284,0.9206381570547819,0.9179707076400518,-0.002667449414730072,0.06125926226377487,0.07920894771814346,0.01794968545436859
acwm-autoloop-screen-cloth_move-motion_region_reweight-s2702-t512-r1,cloth_move,motion_region_reweight,2702,512,48,19.27522625598234,18.780234934040806,-0.4949913219415336,0.9110375866293907,0.9046645052731037,-0.0063730813562870026,0.06917846202850342,0.09660795331001282,0.0274294912815094
acwm-autoloop-screen-cloth_move-motion_region_reweight-s2814-t512-r1,cloth_move,motion_region_reweight,2814,512,16,24.01089321038828,22.74540609003637,-1.26548712035191,0.9374610781669617,0.9323641359806061,-0.005096942186355591,0.03960104659199715,0.0558508038520813,0.016249757260084152
acwm-autoloop-screen-cloth_move-motion_region_reweight-s2814-t512-r1,cloth_move,motion_region_reweight,2814,512,32,20.589571426648146,21.01231386649518,0.42274243984703475,0.9206381570547819,0.9220103118568659,0.0013721548020839691,0.06125926226377487,0.06718455255031586,0.005925290286540985
acwm-autoloop-screen-cloth_move-motion_region_reweight-s2814-t512-r1,cloth_move,motion_region_reweight,2814,512,48,19.27522625598234,20.02858196227372,0.75335570629138,0.9110375866293907,0.9167644667128722,0.005726880083481434,0.06917846202850342,0.07020363956689835,0.001025177538394928
acwm-autoloop-screen-cloth_move-motion_region_reweight-s2815-t512-r1,cloth_move,motion_region_reweight,2815,512,16,24.01089321038828,23.362181508794468,-0.6487117015938111,0.9374610781669617,0.9307702742516994,-0.006690803915262222,0.03960104659199715,0.046210795640945435,0.006609749048948288
acwm-autoloop-screen-cloth_move-motion_region_reweight-s2815-t512-r1,cloth_move,motion_region_reweight,2815,512,32,20.589571426648146,19.58981768448079,-0.999753742167357,0.9206381570547819,0.9075908623635769,-0.013047294691205025,0.06125926226377487,0.059384625405073166,-0.001874636858701706
acwm-autoloop-screen-cloth_move-motion_region_reweight-s2815-t512-r1,cloth_move,motion_region_reweight,2815,512,48,19.27522625598234,18.19710591176465,-1.078120344217691,0.9110375866293907,0.8978841106096903,-0.013153476019700405,0.06917846202850342,0.08156511187553406,0.01238664984703064
acwm-autoloop-screen-cloth_move-next_forcing-s2802-t512-r1,cloth_move,next_forcing,2802,512,16,24.01089321038828,24.10592423528833,0.09503102490005233,0.9374610781669617,0.9400273859500885,0.002566307783126831,0.03960104659199715,0.039233312010765076,-0.0003677345812320709
acwm-autoloop-screen-cloth_move-next_forcing-s2802-t512-r1,cloth_move,next_forcing,2802,512,32,20.589571426648146,21.166961888230958,0.5773904615828123,0.9206381570547819,0.9228097256273031,0.0021715685725212097,0.06125926226377487,0.056026916950941086,-0.005232345312833786
acwm-autoloop-screen-cloth_move-next_forcing-s2802-t512-r1,cloth_move,next_forcing,2802,512,48,19.27522625598234,19.513602711659686,0.2383764556773471,0.9110375866293907,0.9142203293740749,0.0031827427446842194,0.06917846202850342,0.07332054525613785,0.00414208322763443
acwm-autoloop-screen-cloth_move-next_forcing-s2803-t512-r1,cloth_move,next_forcing,2803,512,16,24.01089321038828,23.135520263254712,-0.8753729471335667,0.9374610781669617,0.9333917088806629,-0.004069369286298752,0.03960104659199715,0.036594994366168976,-0.0030060522258281708
acwm-autoloop-screen-cloth_move-next_forcing-s2803-t512-r1,cloth_move,next_forcing,2803,512,32,20.589571426648146,18.339999001393387,-2.249572425254758,0.9206381570547819,0.9026807714253664,-0.017957385629415512,0.06125926226377487,0.06724316626787186,0.005983904004096985
acwm-autoloop-screen-cloth_move-next_forcing-s2803-t512-r1,cloth_move,next_forcing,2803,512,48,19.27522625598234,16.78889506721804,-2.4863311887643,0.9110375866293907,0.8887703170379003,-0.02226726959149039,0.06917846202850342,0.08730853348970413,0.018130071461200714
acwm-autoloop-screen-cloth_move-next_forcing-s801-t512-r1,cloth_move,next_forcing,801,512,16,24.01089321038828,25.24722374736467,1.2363305369763928,0.9374610781669617,0.9430646672844887,0.005603589117527008,0.03960104659199715,0.029722128063440323,-0.009878918528556824
acwm-autoloop-screen-cloth_move-next_forcing-s801-t512-r1,cloth_move,next_forcing,801,512,32,20.589571426648146,20.819434598019715,0.2298631713715693,0.9206381570547819,0.9206461980938911,8.041039109230042e-06,0.06125926226377487,0.0508701391518116,-0.010389123111963272
acwm-autoloop-screen-cloth_move-next_forcing-s801-t512-r1,cloth_move,next_forcing,801,512,48,19.27522625598234,19.06666846310896,-0.2085577928733784,0.9110375866293907,0.9102895371615887,-0.0007480494678020477,0.06917846202850342,0.07739530503749847,0.008216843008995056
acwm-autoloop-screen-cloth_move-self_forcing_finetune-s2804-t512-r1,cloth_move,self_forcing_finetune,2804,512,16,24.01089321038828,24.30784055745508,0.29694734706680137,0.9374610781669617,0.9409727193415165,0.003511641174554825,0.03960104659199715,0.0411074161529541,0.001506369560956955
acwm-autoloop-screen-cloth_move-self_forcing_finetune-s2804-t512-r1,cloth_move,self_forcing_finetune,2804,512,32,20.589571426648146,20.48652490371363,-0.1030465229345161,0.9206381570547819,0.918417003005743,-0.002221154049038887,0.06125926226377487,0.05455261096358299,-0.006706651300191879
acwm-autoloop-screen-cloth_move-self_forcing_finetune-s2804-t512-r1,cloth_move,self_forcing_finetune,2804,512,48,19.27522625598234,18.738817963756894,-0.5364082922254454,0.9110375866293907,0.907141045977672,-0.0038965406517187384,0.06917846202850342,0.07955710589885712,0.010378643870353699
acwm-autoloop-screen-cloth_move-self_forcing_finetune-s2805-t512-r1,cloth_move,self_forcing_finetune,2805,512,16,24.01089321038828,25.098845391828107,1.087952181439828,0.9374610781669617,0.9445635192096233,0.007102441042661667,0.03960104659199715,0.033481415361166,-0.006119631230831146
acwm-autoloop-screen-cloth_move-self_forcing_finetune-s2805-t512-r1,cloth_move,self_forcing_finetune,2805,512,32,20.589571426648146,21.84969016959434,1.2601187429461937,0.9206381570547819,0.9326599147170782,0.012021757662296295,0.06125926226377487,0.05874437466263771,-0.0025148876011371613
acwm-autoloop-screen-cloth_move-self_forcing_finetune-s2805-t512-r1,cloth_move,self_forcing_finetune,2805,512,48,19.27522625598234,20.24759960310208,0.972373347119742,0.9110375866293907,0.9261611228187879,0.015123536189397213,0.06917846202850342,0.07362616807222366,0.004447706043720245
acwm-autoloop-screen-cloth_move-self_forcing_finetune-s875-t512-r1,cloth_move,self_forcing_finetune,875,512,16,24.01089321038828,23.807986382968803,-0.20290682741947563,0.9374610781669617,0.9402639791369438,0.002802900969982147,0.03960104659199715,0.04569502919912338,0.006093982607126236
acwm-autoloop-screen-cloth_move-self_forcing_finetune-s875-t512-r1,cloth_move,self_forcing_finetune,875,512,32,20.589571426648146,21.653112882629486,1.0635414559813405,0.9206381570547819,0.9288863446563482,0.008248187601566315,0.06125926226377487,0.061520300805568695,0.00026103854179382324
acwm-autoloop-screen-cloth_move-self_forcing_finetune-s875-t512-r1,cloth_move,self_forcing_finetune,875,512,48,19.27522625598234,19.92906380844826,0.6538375524659195,0.9110375866293907,0.917284619063139,0.006247032433748245,0.06917846202850342,0.07303812354803085,0.0038596615195274353
acwm-autoloop-screen-cloth_move-wmsd_self_distill-s2801-t512-r1,cloth_move,wmsd_self_distill,2801,512,16,24.01089321038828,23.783371859151803,-0.22752135123647577,0.9374610781669617,0.9341102056205273,-0.0033508725464344025,0.03960104659199715,0.03839508444070816,-0.0012059621512889862
acwm-autoloop-screen-cloth_move-wmsd_self_distill-s2801-t512-r1,cloth_move,wmsd_self_distill,2801,512,32,20.589571426648146,19.241314853709888,-1.3482565729382578,0.9206381570547819,0.9076609686017036,-0.01297718845307827,0.06125926226377487,0.0564509741961956,-0.004808288067579269
acwm-autoloop-screen-cloth_move-wmsd_self_distill-s2801-t512-r1,cloth_move,wmsd_self_distill,2801,512,48,19.27522625598234,17.83987854027465,-1.4353477157076888,0.9110375866293907,0.8958426068226496,-0.015194979806741116,0.06917846202850342,0.0781601071357727,0.008981645107269287
acwm-autoloop-screen-pour_water-action_contrastive_finetune-s2894-t512-r1,pour_water,action_contrastive_finetune,2894,512,16,31.025167637688973,32.21092198538501,1.1857543476960402,0.9759492799639702,0.9765270389616489,0.0005777589976787567,0.01284656673669815,0.007614868693053722,-0.005231698043644428
acwm-autoloop-screen-pour_water-action_contrastive_finetune-s2894-t512-r1,pour_water,action_contrastive_finetune,2894,512,32,28.98902489729537,29.639126199177824,0.6501013018824544,0.9664606619626284,0.9683477617800236,0.0018870998173952103,0.0099295973777771,0.008511999621987343,-0.0014175977557897568
acwm-autoloop-screen-pour_water-action_contrastive_finetune-s2894-t512-r1,pour_water,action_contrastive_finetune,2894,512,48,29.228558765336892,29.304109913980355,0.0755511486434628,0.9633740074932575,0.963857889175415,0.0004838816821575165,0.006097163073718548,0.006198257207870483,0.00010109413415193558
acwm-autoloop-screen-pour_water-action_contrastive_finetune-s2894-t512-r1,pour_water,action_contrastive_finetune,2894,512,64,28.59194623392821,28.641794020950414,0.04984778702220538,0.9566183453425765,0.9574660323560238,0.0008476870134472847,0.005958786699920893,0.005876366514712572,-8.242018520832062e-05
acwm-autoloop-screen-pour_water-action_dimension_balancing-s2865-t512-r1,pour_water,action_dimension_balancing,2865,512,16,31.025167637688973,32.3533131869365,1.3281455492475231,0.9759492799639702,0.9756463319063187,-0.0003029480576515198,0.01284656673669815,0.0067810420878231525,-0.006065524648874998
acwm-autoloop-screen-pour_water-action_dimension_balancing-s2865-t512-r1,pour_water,action_dimension_balancing,2865,512,32,28.98902489729537,30.565373102106697,1.5763482048113282,0.9664606619626284,0.9671375099569559,0.0006768479943275452,0.0099295973777771,0.0054467348381876945,-0.004482862539589405
acwm-autoloop-screen-pour_water-action_dimension_balancing-s2865-t512-r1,pour_water,action_dimension_balancing,2865,512,48,29.228558765336892,27.32063628220988,-1.9079224831270132,0.9633740074932575,0.9517949869235357,-0.01157902056972182,0.006097163073718548,0.010710296221077442,0.004613133147358894
acwm-autoloop-screen-pour_water-action_dimension_balancing-s2865-t512-r1,pour_water,action_dimension_balancing,2865,512,64,28.59194623392821,24.974148752432544,-3.617797481495664,0.9566183453425765,0.9367853263393044,-0.019833019003272057,0.005958786699920893,0.016261471435427666,0.010302684735506773
acwm-autoloop-screen-pour_water-dino_rep_injection-s2940-t512-r1,pour_water,dino_rep_injection,2940,512,16,31.025167637688973,32.166564040557645,1.141396402868672,0.9759492799639702,0.9771062545478344,0.001156974583864212,0.01284656673669815,0.008294201456010342,-0.004552365280687809
acwm-autoloop-screen-pour_water-dino_rep_injection-s2940-t512-r1,pour_water,dino_rep_injection,2940,512,32,28.98902489729537,28.433921605098078,-0.5551032921972912,0.9664606619626284,0.9644729793071747,-0.001987682655453682,0.0099295973777771,0.011334958486258984,0.001405361108481884
acwm-autoloop-screen-pour_water-dino_rep_injection-s2940-t512-r1,pour_water,dino_rep_injection,2940,512,48,29.228558765336892,27.38353685415708,-1.8450219111798134,0.9633740074932575,0.9581855821112791,-0.00518842538197839,0.006097163073718548,0.01061585359275341,0.0045186905190348625
acwm-autoloop-screen-pour_water-dino_rep_injection-s2940-t512-r1,pour_water,dino_rep_injection,2940,512,64,28.59194623392821,27.136828264854373,-1.4551179690738358,0.9566183453425765,0.9548001522198319,-0.0018181931227445602,0.005958786699920893,0.009062565863132477,0.003103779163211584
acwm-autoloop-screen-pour_water-event_window_reweight-s3005-t512-r1,pour_water,event_window_reweight,3005,512,16,31.025167637688973,33.46544246144654,2.4402748237575693,0.9759492799639702,0.9798654615879059,0.0039161816239356995,0.01284656673669815,0.004302195273339748,-0.008544371463358402
acwm-autoloop-screen-pour_water-event_window_reweight-s3005-t512-r1,pour_water,event_window_reweight,3005,512,32,28.98902489729537,30.731334684998792,1.742309787703423,0.9664606619626284,0.9687405936419964,0.002279931679368019,0.0099295973777771,0.005128289107233286,-0.004801308270543814
acwm-autoloop-screen-pour_water-event_window_reweight-s3005-t512-r1,pour_water,event_window_reweight,3005,512,48,29.228558765336892,29.157277884566692,-0.07128088077019967,0.9633740074932575,0.9580482157568136,-0.0053257917364438745,0.006097163073718548,0.005363353528082371,-0.0007338095456361771
acwm-autoloop-screen-pour_water-event_window_reweight-s3005-t512-r1,pour_water,event_window_reweight,3005,512,64,28.59194623392821,27.5863578952911,-1.0055883386371072,0.9566183453425765,0.9481119476258755,-0.00850639771670103,0.005958786699920893,0.0067302267998456955,0.0007714400999248028
acwm-autoloop-screen-pour_water-event_window_reweight-s3006-t512-r1,pour_water,event_window_reweight,3006,512,16,31.025167637688973,31.433937663453232,0.4087700257642588,0.9759492799639702,0.9689685329794884,-0.0069807469844818115,0.01284656673669815,0.006715806666761637,-0.006130760069936514
acwm-autoloop-screen-pour_water-event_window_reweight-s3006-t512-r1,pour_water,event_window_reweight,3006,512,32,28.98902489729537,28.313044671829314,-0.6759802254660556,0.9664606619626284,0.9500028491020203,-0.0164578128606081,0.0099295973777771,0.00907200574874878,-0.0008575916290283203
acwm-autoloop-screen-pour_water-event_window_reweight-s3006-t512-r1,pour_water,event_window_reweight,3006,512,48,29.228558765336892,25.451421845672154,-3.7771369196647377,0.9633740074932575,0.9327682865162691,-0.030605720976988438,0.006097163073718548,0.015878502279520035,0.009781339205801487
acwm-autoloop-screen-pour_water-event_window_reweight-s3006-t512-r1,pour_water,event_window_reweight,3006,512,64,28.59194623392821,23.72175361695733,-4.870192616970879,0.9566183453425765,0.9217742867767811,-0.03484405856579542,0.005958786699920893,0.020879672840237617,0.014920886140316725
acwm-autoloop-screen-pour_water-event_window_reweight-s3055-t512-r1,pour_water,event_window_reweight,3055,512,16,31.025167637688973,32.16917469661327,1.144007058924295,0.9759492799639702,0.975788377225399,-0.000160902738571167,0.01284656673669815,0.006269105710089207,-0.006577461026608944
acwm-autoloop-screen-pour_water-event_window_reweight-s3055-t512-r1,pour_water,event_window_reweight,3055,512,32,28.98902489729537,29.80573345096677,0.8167085536714005,0.9664606619626284,0.9616435542702675,-0.004817107692360878,0.0099295973777771,0.006161303725093603,-0.0037682936526834965
acwm-autoloop-screen-pour_water-event_window_reweight-s3055-t512-r1,pour_water,event_window_reweight,3055,512,48,29.228558765336892,27.601804035451174,-1.6267547298857181,0.9633740074932575,0.9447423778474331,-0.018631629645824432,0.006097163073718548,0.008135369047522545,0.002038205973803997
acwm-autoloop-screen-pour_water-event_window_reweight-s3055-t512-r1,pour_water,event_window_reweight,3055,512,64,28.59194623392821,26.035433321064954,-2.556512912863255,0.9566183453425765,0.9320662189275026,-0.02455212641507387,0.005958786699920893,0.0103282006457448,0.004369413945823908
acwm-autoloop-screen-pour_water-event_window_reweight-s3056-t512-r1,pour_water,event_window_reweight,3056,512,16,31.025167637688973,32.54554110420587,1.5203734665168938,0.9759492799639702,0.979677114635706,0.0037278346717357635,0.01284656673669815,0.008292666636407375,-0.004553900100290775
acwm-autoloop-screen-pour_water-event_window_reweight-s3056-t512-r1,pour_water,event_window_reweight,3056,512,32,28.98902489729537,30.199524322385066,1.2104994250896972,0.9664606619626284,0.9719233978539705,0.005462735891342163,0.0099295973777771,0.0075261592864990234,-0.002403438091278076
acwm-autoloop-screen-pour_water-event_window_reweight-s3056-t512-r1,pour_water,event_window_reweight,3056,512,48,29.228558765336892,29.04453579373207,-0.18402297160482206,0.9633740074932575,0.9640076123178005,0.0006336048245429993,0.006097163073718548,0.007223512977361679,0.0011263499036431313
acwm-autoloop-screen-pour_water-event_window_reweight-s3056-t512-r1,pour_water,event_window_reweight,3056,512,64,28.59194623392821,28.409963765124484,-0.18198246880372437,0.9566183453425765,0.9571261452510953,0.0005077999085187912,0.005958786699920893,0.006853860337287188,0.0008950736373662949
acwm-autoloop-screen-pour_water-history_noise_schedule-s811-t512-r1,pour_water,history_noise_schedule,811,512,16,31.025167637688973,30.422245018653836,-0.6029226190351373,0.9759492799639702,0.9727964662015438,-0.0031528137624263763,0.01284656673669815,0.01355447806417942,0.0007079113274812698
acwm-autoloop-screen-pour_water-history_noise_schedule-s811-t512-r1,pour_water,history_noise_schedule,811,512,32,28.98902489729537,26.54132451282068,-2.4477003844746896,0.9664606619626284,0.9538652990013361,-0.012595362961292267,0.0099295973777771,0.018293051049113274,0.008363453671336174
acwm-autoloop-screen-pour_water-history_noise_schedule-s811-t512-r1,pour_water,history_noise_schedule,811,512,48,29.228558765336892,24.593534064069026,-4.6350247012678665,0.9633740074932575,0.9404534287750721,-0.022920578718185425,0.006097163073718548,0.021394075825810432,0.015296912752091885
acwm-autoloop-screen-pour_water-history_noise_schedule-s811-t512-r1,pour_water,history_noise_schedule,811,512,64,28.59194623392821,23.378173030238084,-5.213773203690124,0.9566183453425765,0.9289981573820114,-0.02762018796056509,0.005958786699920893,0.023957345634698868,0.017998558934777975
acwm-autoloop-screen-pour_water-inv_dyn_reward_finetune-s2905-t512-r1,pour_water,inv_dyn_reward_finetune,2905,512,16,31.025167637688973,32.90056623248377,1.8753985947947953,0.9759492799639702,0.9781535416841507,0.0022042617201805115,0.01284656673669815,0.005908289924263954,-0.0069382768124341965
acwm-autoloop-screen-pour_water-inv_dyn_reward_finetune-s2905-t512-r1,pour_water,inv_dyn_reward_finetune,2905,512,32,28.98902489729537,29.034016340115816,0.04499144282044654,0.9664606619626284,0.9664018824696541,-5.877949297428131e-05,0.0099295973777771,0.009580381214618683,-0.00034921616315841675
acwm-autoloop-screen-pour_water-inv_dyn_reward_finetune-s2905-t512-r1,pour_water,inv_dyn_reward_finetune,2905,512,48,29.228558765336892,27.56388004205363,-1.664678723283263,0.9633740074932575,0.9586913709839185,-0.004682636509338978,0.006097163073718548,0.010198143310844898,0.00410098023712635
acwm-autoloop-screen-pour_water-inv_dyn_reward_finetune-s2905-t512-r1,pour_water,inv_dyn_reward_finetune,2905,512,64,28.59194623392821,26.730805668261898,-1.861140565666311,0.9566183453425765,0.9517023833468556,-0.004915961995720863,0.005958786699920893,0.010214685462415218,0.004255898762494326
acwm-autoloop-screen-pour_water-motion_region_reweight-s2943-t512-r1,pour_water,motion_region_reweight,2943,512,16,31.025167637688973,31.153472670083975,0.12830503239500146,0.9759492799639702,0.9727323576807976,-0.0032169222831726074,0.01284656673669815,0.00997267384082079,-0.0028738928958773613
acwm-autoloop-screen-pour_water-motion_region_reweight-s2943-t512-r1,pour_water,motion_region_reweight,2943,512,32,28.98902489729537,26.73252793109226,-2.256496966203109,0.9664606619626284,0.95106440782547,-0.015396254137158394,0.0099295973777771,0.01656099036335945,0.006631392985582352
acwm-autoloop-screen-pour_water-motion_region_reweight-s2943-t512-r1,pour_water,motion_region_reweight,2943,512,48,29.228558765336892,25.084365647286408,-4.1441931180504845,0.9633740074932575,0.9364793946345648,-0.026894612858692768,0.006097163073718548,0.018184738233685493,0.012087575159966946
acwm-autoloop-screen-pour_water-motion_region_reweight-s2943-t512-r1,pour_water,motion_region_reweight,2943,512,64,28.59194623392821,24.02974989948663,-4.562196334441577,0.9566183453425765,0.9257812490686774,-0.03083709627389908,0.005958786699920893,0.01975153386592865,0.013792747166007757
acwm-autoloop-screen-pour_water-motion_region_reweight-s3052-t512-r1,pour_water,motion_region_reweight,3052,512,16,31.025167637688973,28.271551067222553,-2.75361657046642,0.9759492799639702,0.965030163526535,-0.01091911643743515,0.01284656673669815,0.024491608142852783,0.011645041406154633
acwm-autoloop-screen-pour_water-motion_region_reweight-s3052-t512-r1,pour_water,motion_region_reweight,3052,512,32,28.98902489729537,24.716616527581643,-4.272408369713727,0.9664606619626284,0.9459200799465179,-0.02054058201611042,0.0099295973777771,0.029222702607512474,0.019293105229735374
acwm-autoloop-screen-pour_water-motion_region_reweight-s3052-t512-r1,pour_water,motion_region_reweight,3052,512,48,29.228558765336892,23.419026567239175,-5.809532198097717,0.9633740074932575,0.9338917769491673,-0.02948223054409027,0.006097163073718548,0.02867707796394825,0.022579914890229702
acwm-autoloop-screen-pour_water-motion_region_reweight-s3052-t512-r1,pour_water,motion_region_reweight,3052,512,64,28.59194623392821,22.588548031587106,-6.003398202341103,0.9566183453425765,0.9240937968716025,-0.03252454847097397,0.005958786699920893,0.028994617983698845,0.023035831283777952
acwm-autoloop-screen-pour_water-motion_region_reweight-s3053-t512-r1,pour_water,motion_region_reweight,3053,512,16,31.025167637688973,29.90348066975394,-1.1216869679350339,0.9759492799639702,0.9741907268762589,-0.0017585530877113342,0.01284656673669815,0.01807582937180996,0.005229262635111809
acwm-autoloop-screen-pour_water-motion_region_reweight-s3053-t512-r1,pour_water,motion_region_reweight,3053,512,32,28.98902489729537,27.597590441544128,-1.3914344557512415,0.9664606619626284,0.9640678279101849,-0.0023928340524435043,0.0099295973777771,0.015180164016783237,0.005250566639006138
acwm-autoloop-screen-pour_water-motion_region_reweight-s3053-t512-r1,pour_water,motion_region_reweight,3053,512,48,29.228558765336892,27.62565265324127,-1.6029061120956207,0.9633740074932575,0.95855596413215,-0.004818043361107471,0.006097163073718548,0.009879662655293941,0.0037824995815753937
acwm-autoloop-screen-pour_water-motion_region_reweight-s3053-t512-r1,pour_water,motion_region_reweight,3053,512,64,28.59194623392821,27.412848644091326,-1.179097589836882,0.9566183453425765,0.9526123972609639,-0.004005948081612587,0.005958786699920893,0.00839635543525219,0.002437568735331297
acwm-autoloop-screen-pour_water-motion_region_reweight-s3054-t512-r1,pour_water,motion_region_reweight,3054,512,16,31.025167637688973,33.11067196105781,2.0855043233688377,0.9759492799639702,0.981763981282711,0.005814701318740845,0.01284656673669815,0.00677013723179698,-0.006076429504901171
acwm-autoloop-screen-pour_water-motion_region_reweight-s3054-t512-r1,pour_water,motion_region_reweight,3054,512,32,28.98902489729537,30.493951584877372,1.504926687582003,0.9664606619626284,0.9743696376681328,0.007908975705504417,0.0099295973777771,0.006913790013641119,-0.0030158073641359806
acwm-autoloop-screen-pour_water-motion_region_reweight-s3054-t512-r1,pour_water,motion_region_reweight,3054,512,48,29.228558765336892,29.130219431618286,-0.09833933371860581,0.9633740074932575,0.9644909203052521,0.0011169128119945526,0.006097163073718548,0.006715536117553711,0.0006183730438351631
acwm-autoloop-screen-pour_water-motion_region_reweight-s3054-t512-r1,pour_water,motion_region_reweight,3054,512,64,28.59194623392821,27.143718064649306,-1.4482281692789023,0.9566183453425765,0.9519632505252957,-0.004655094817280769,0.005958786699920893,0.009200986474752426,0.0032421997748315334
acwm-autoloop-screen-pour_water-motion_region_reweight-s3059-t512-r1,pour_water,motion_region_reweight,3059,512,64,28.59194623392821,23.021453226700825,-5.570493007227384,0.9566183453425765,0.9270737869665027,-0.029544558376073837,0.005958786699920893,0.025440478697419167,0.019481691997498274
acwm-autoloop-screen-pour_water-motion_region_reweight-s3059-t512-r1,pour_water,motion_region_reweight,3059,512,96,25.921572717333138,22.975508500306848,-2.94606421702629,0.9381773434579372,0.9144326796134313,-0.02374466384450591,0.009456577710807323,0.019344426691532135,0.009887848980724812
acwm-autoloop-screen-pour_water-motion_region_reweight-s3059-t512-r1,pour_water,motion_region_reweight,3059,512,128,23.349149978822986,22.323017892033757,-1.0261320867892287,0.8956770282238722,0.8770663309842348,-0.018610697239637375,0.012867430225014687,0.016466112807393074,0.0035986825823783875
acwm-autoloop-screen-pour_water-motion_region_reweight-s3059-t512-r1,pour_water,motion_region_reweight,3059,512,160,22.398971127209215,21.691159615102112,-0.7078115121071029,0.8625270146876574,0.8447587840259075,-0.017768230661749818,0.013864446431398392,0.016580289229750633,0.0027158427983522415
acwm-autoloop-screen-pour_water-motion_region_reweight-s3060-t512-r1,pour_water,motion_region_reweight,3060,512,64,28.59194623392821,27.98626886937772,-0.6056773645504876,0.9566183453425765,0.9579002233222127,0.0012818779796361923,0.005958786699920893,0.007080968469381332,0.0011221817694604397
acwm-autoloop-screen-pour_water-motion_region_reweight-s3060-t512-r1,pour_water,motion_region_reweight,3060,512,96,25.921572717333138,27.077804535847623,1.1562318185144846,0.9381773434579372,0.9468966436882814,0.008719300230344174,0.009456577710807323,0.006746665574610233,-0.00270991213619709
acwm-autoloop-screen-pour_water-motion_region_reweight-s3060-t512-r1,pour_water,motion_region_reweight,3060,512,128,23.349149978822986,24.565800384714347,1.216650405891361,0.8956770282238722,0.9076891164295375,0.01201208820566535,0.012867430225014687,0.009163976646959782,-0.003703453578054905
acwm-autoloop-screen-pour_water-motion_region_reweight-s3060-t512-r1,pour_water,motion_region_reweight,3060,512,160,22.398971127209215,23.361929318811846,0.9629581916026311,0.8625270146876574,0.874616689234972,0.012089674547314688,0.013864446431398392,0.010701349005103111,-0.0031630974262952805
acwm-autoloop-screen-pour_water-next_forcing-s3018-t512-r1,pour_water,next_forcing,3018,512,16,31.025167637688973,29.036817768230723,-1.9883498694582507,0.9759492799639702,0.9685213528573513,-0.007427927106618881,0.01284656673669815,0.019985390827059746,0.007138824090361595
acwm-autoloop-screen-pour_water-next_forcing-s3018-t512-r1,pour_water,next_forcing,3018,512,32,28.98902489729537,24.051242226531727,-4.937782670763642,0.9664606619626284,0.9455723781138659,-0.020888283848762512,0.0099295973777771,0.0343184657394886,0.024388868361711502
acwm-autoloop-screen-pour_water-next_forcing-s3018-t512-r1,pour_water,next_forcing,3018,512,48,29.228558765336892,21.962748963811332,-7.26580980152556,0.9633740074932575,0.9287911715606848,-0.03458283593257272,0.006097163073718548,0.04015453904867172,0.034057375974953175
acwm-autoloop-screen-pour_water-next_forcing-s3018-t512-r1,pour_water,next_forcing,3018,512,64,28.59194623392821,21.037388124327183,-7.554558109601025,0.9566183453425765,0.9166199956089258,-0.039998349733650684,0.005958786699920893,0.04158603399991989,0.035627247299999
acwm-autoloop-screen-pour_water-next_forcing-s3051-t512-r1,pour_water,next_forcing,3051,512,16,31.025167637688973,32.91144640239324,1.8862787647042651,0.9759492799639702,0.9786211289465427,0.0026718489825725555,0.01284656673669815,0.005346676334738731,-0.007499890401959419
acwm-autoloop-screen-pour_water-next_forcing-s3051-t512-r1,pour_water,next_forcing,3051,512,32,28.98902489729537,30.113642203233034,1.1246173059376652,0.9664606619626284,0.965320210903883,-0.0011404510587453842,0.0099295973777771,0.006372015457600355,-0.0035575819201767445
acwm-autoloop-screen-pour_water-next_forcing-s3051-t512-r1,pour_water,next_forcing,3051,512,48,29.228558765336892,27.88994668721815,-1.338612078118743,0.9633740074932575,0.9512046687304974,-0.012169338762760162,0.006097163073718548,0.008559796959161758,0.0024626338854432106
acwm-autoloop-screen-pour_water-next_forcing-s3051-t512-r1,pour_water,next_forcing,3051,512,64,28.59194623392821,26.556915460128245,-2.0350307737999636,0.9566183453425765,0.9405837068334222,-0.01603463850915432,0.005958786699920893,0.00995214655995369,0.003993359860032797
acwm-autoloop-screen-pour_water-self_forcing_finetune-s2862-t512-r1,pour_water,self_forcing_finetune,2862,512,16,31.025167637688973,33.71080179315574,2.685634155466765,0.9759492799639702,0.9820230975747108,0.006073817610740662,0.01284656673669815,0.004198874346911907,-0.008647692389786243
acwm-autoloop-screen-pour_water-self_forcing_finetune-s2862-t512-r1,pour_water,self_forcing_finetune,2862,512,32,28.98902489729537,31.030726151789242,2.041701254493873,0.9664606619626284,0.9729209560900927,0.006460294127464294,0.0099295973777771,0.005410198587924242,-0.004519398789852858
acwm-autoloop-screen-pour_water-self_forcing_finetune-s2862-t512-r1,pour_water,self_forcing_finetune,2862,512,48,29.228558765336892,30.222912678518572,0.9943539131816799,0.9633740074932575,0.9680170826613903,0.004643075168132782,0.006097163073718548,0.004648430738598108,-0.0014487323351204395
acwm-autoloop-screen-pour_water-self_forcing_finetune-s2862-t512-r1,pour_water,self_forcing_finetune,2862,512,64,28.59194623392821,29.552390169905433,0.9604439359772243,0.9566183453425765,0.9637266034260392,0.007108258083462715,0.005958786699920893,0.00444412138313055,-0.0015146653167903423
acwm-autoloop-screen-pour_water-self_forcing_finetune-s2887-t512-r1,pour_water,self_forcing_finetune,2887,512,16,31.025167637688973,34.8987677443813,3.8736001066923293,0.9759492799639702,0.9853433407843113,0.00939406082034111,0.01284656673669815,0.0035749294329434633,-0.009271637303754687
acwm-autoloop-screen-pour_water-self_forcing_finetune-s2887-t512-r1,pour_water,self_forcing_finetune,2887,512,32,28.98902489729537,30.732550625773545,1.7435257284781756,0.9664606619626284,0.9732157252728939,0.006755063310265541,0.0099295973777771,0.006369679234921932,-0.0035599181428551674
acwm-autoloop-screen-pour_water-self_forcing_finetune-s2887-t512-r1,pour_water,self_forcing_finetune,2887,512,48,29.228558765336892,27.64229985746843,-1.5862589078684621,0.9633740074932575,0.9585506866375605,-0.004823320855697033,0.006097163073718548,0.01037503406405449,0.004277870990335941
acwm-autoloop-screen-pour_water-self_forcing_finetune-s2887-t512-r1,pour_water,self_forcing_finetune,2887,512,64,28.59194623392821,25.779183935520873,-2.8127622984073355,0.9566183453425765,0.947572860866785,-0.009045484475791454,0.005958786699920893,0.013878559693694115,0.007919772993773222
acwm-autoloop-screen-pour_water-self_forcing_finetune-s3061-t512-r1,pour_water,self_forcing_finetune,3061,512,64,28.59194623392821,28.452888120716736,-0.13905811321147254,0.9566183453425765,0.950917337089777,-0.005701008252799511,0.005958786699920893,0.005192741751670837,-0.0007660449482500553
acwm-autoloop-screen-pour_water-self_forcing_finetune-s3061-t512-r1,pour_water,self_forcing_finetune,3061,512,96,25.921572717333138,25.446399559975955,-0.47517315735718313,0.9381773434579372,0.9262831912686428,-0.01189415218929446,0.009456577710807323,0.009454717859625816,-1.8598511815071106e-06
acwm-autoloop-screen-pour_water-self_forcing_finetune-s3061-t512-r1,pour_water,self_forcing_finetune,3061,512,128,23.349149978822986,22.893166158587594,-0.4559838202353923,0.8956770282238722,0.8824633010663092,-0.013213727157562971,0.012867430225014687,0.013650871813297272,0.0007834415882825851
acwm-autoloop-screen-pour_water-self_forcing_finetune-s3061-t512-r1,pour_water,self_forcing_finetune,3061,512,160,22.398971127209215,21.751439013274492,-0.647532113934723,0.8625270146876574,0.8474363517016172,-0.015090662986040115,0.013864446431398392,0.015972260385751724,0.0021078139543533325
acwm-autoloop-screen-pour_water-self_forcing_finetune-s3063-t512-r1,pour_water,self_forcing_finetune,3063,512,64,28.59194623392821,27.111879941972692,-1.4800662919555165,0.9566183453425765,0.946362373419106,-0.010255971923470497,0.005958786699920893,0.0087565453723073,0.002797758672386408
acwm-autoloop-screen-pour_water-self_forcing_finetune-s3063-t512-r1,pour_water,self_forcing_finetune,3063,512,96,25.921572717333138,25.494098747388545,-0.4274739699445931,0.9381773434579372,0.9308527490744988,-0.007324594383438465,0.009456577710807323,0.010101234540343285,0.0006446568295359612
acwm-autoloop-screen-pour_water-self_forcing_finetune-s3063-t512-r1,pour_water,self_forcing_finetune,3063,512,128,23.349149978822986,23.344675747682864,-0.004474231140122242,0.8956770282238722,0.8931647287681699,-0.002512299455702305,0.012867430225014687,0.012551152147352695,-0.0003162780776619911
acwm-autoloop-screen-pour_water-self_forcing_finetune-s3063-t512-r1,pour_water,self_forcing_finetune,3063,512,160,22.398971127209215,22.25464076706245,-0.14433036014676404,0.8625270146876574,0.866398373991251,0.0038713593035936134,0.013864446431398392,0.01440353225916624,0.000539085827767849
acwm-autoloop-screen-pour_water-self_forcing_finetune-s873-t512-r1,pour_water,self_forcing_finetune,873,512,16,31.025167637688973,34.44594301175887,3.4207753740698976,0.9759492799639702,0.9842186719179153,0.00826939195394516,0.01284656673669815,0.0038536256179213524,-0.008992941118776798
acwm-autoloop-screen-pour_water-self_forcing_finetune-s873-t512-r1,pour_water,self_forcing_finetune,873,512,32,28.98902489729537,32.159237687749396,3.170212790454027,0.9664606619626284,0.9753324650228024,0.008871803060173988,0.0099295973777771,0.0037903659977018833,-0.006139231380075216
acwm-autoloop-screen-pour_water-self_forcing_finetune-s873-t512-r1,pour_water,self_forcing_finetune,873,512,48,29.228558765336892,29.917662537872797,0.6891037725359048,0.9633740074932575,0.9636282250285149,0.0002542175352573395,0.006097163073718548,0.004845002666115761,-0.001252160407602787
acwm-autoloop-screen-pour_water-self_forcing_finetune-s873-t512-r1,pour_water,self_forcing_finetune,873,512,64,28.59194623392821,27.95986596678427,-0.6320802671439374,0.9566183453425765,0.953866976313293,-0.0027513690292835236,0.005958786699920893,0.006920119747519493,0.0009613330475986004
acwm-autoloop-screen-push_cube-action_contrastive_finetune-s2012-t512-r1,push_cube,action_contrastive_finetune,2012,512,16,32.32475674228858,29.086363898710687,-3.2383928435778913,0.9754222817718983,0.9683194123208523,-0.00710286945104599,0.0048582348972558975,0.009756278246641159,0.0048980433493852615
acwm-autoloop-screen-push_cube-action_contrastive_finetune-s2012-t512-r1,push_cube,action_contrastive_finetune,2012,512,32,29.12435535829857,27.21547401782542,-1.9088813404731475,0.9659784454852343,0.9590505138039589,-0.006927931681275368,0.007028165739029646,0.009922485798597336,0.00289432005956769
acwm-autoloop-screen-push_cube-action_contrastive_finetune-s2012-t512-r1,push_cube,action_contrastive_finetune,2012,512,48,27.38107247455298,25.07177623187845,-2.309296242674531,0.957865085452795,0.9515330990155538,-0.006331986437241199,0.008076579309999943,0.014584400691092014,0.0065078213810920715
acwm-autoloop-screen-push_cube-action_contrastive_finetune-s2012-t512-r1,push_cube,action_contrastive_finetune,2012,512,64,25.834519294177518,23.75163756050286,-2.0828817336746575,0.9504991471767426,0.9449927378445864,-0.005506409332156181,0.011599123477935791,0.017086001113057137,0.0054868776351213455
acwm-autoloop-screen-push_cube-action_contrastive_finetune-s2015-t512-r1,push_cube,action_contrastive_finetune,2015,512,16,32.32475674228858,31.05051952748772,-1.2742372148008592,0.9754222817718983,0.9734201245009899,-0.0020021572709083557,0.0048582348972558975,0.007379320450127125,0.0025210855528712273
acwm-autoloop-screen-push_cube-action_contrastive_finetune-s2015-t512-r1,push_cube,action_contrastive_finetune,2015,512,32,29.12435535829857,28.298753709929475,-0.8256016483690942,0.9659784454852343,0.9648772552609444,-0.001101190224289894,0.007028165739029646,0.009602705016732216,0.00257453927770257
acwm-autoloop-screen-push_cube-action_contrastive_finetune-s2015-t512-r1,push_cube,action_contrastive_finetune,2015,512,48,27.38107247455298,26.61996717344961,-0.7611053011033704,0.957865085452795,0.9591115439931551,0.0012464585403600958,0.008076579309999943,0.013012271374464035,0.004935692064464092
acwm-autoloop-screen-push_cube-action_contrastive_finetune-s2015-t512-r1,push_cube,action_contrastive_finetune,2015,512,64,25.834519294177518,25.76429695257279,-0.07022234160472962,0.9504991471767426,0.9549012053757906,0.004402058199048042,0.011599123477935791,0.013355477713048458,0.001756354235112667
acwm-autoloop-screen-push_cube-action_contrastive_finetune-s2825-t512-r1,push_cube,action_contrastive_finetune,2825,512,16,32.32475674228858,29.81851580043876,-2.5062409418498177,0.9754222817718983,0.9726675637066364,-0.002754718065261841,0.0048582348972558975,0.00669823307543993,0.0018399981781840324
acwm-autoloop-screen-push_cube-action_contrastive_finetune-s2825-t512-r1,push_cube,action_contrastive_finetune,2825,512,32,29.12435535829857,28.097072081426084,-1.0272832768724847,0.9659784454852343,0.965027280151844,-0.0009511653333902359,0.007028165739029646,0.008490207605063915,0.0014620418660342693
acwm-autoloop-screen-push_cube-action_contrastive_finetune-s2825-t512-r1,push_cube,action_contrastive_finetune,2825,512,48,27.38107247455298,26.005477436100712,-1.3755950384522677,0.957865085452795,0.9571414192517599,-0.0007236662010351447,0.008076579309999943,0.012137253768742085,0.004060674458742142
acwm-autoloop-screen-push_cube-action_contrastive_finetune-s2825-t512-r1,push_cube,action_contrastive_finetune,2825,512,64,25.834519294177518,24.767113084620036,-1.0674062095574826,0.9504991471767426,0.9504439597949386,-5.518738180398941e-05,0.011599123477935791,0.014046325348317623,0.002447201870381832
acwm-autoloop-screen-push_cube-action_contrastive_finetune-s2826-t512-r1,push_cube,action_contrastive_finetune,2826,512,16,32.32475674228858,28.259685522538906,-4.065071219749672,0.9754222817718983,0.9665148295462132,-0.00890745222568512,0.0048582348972558975,0.012609628960490227,0.007751394063234329
acwm-autoloop-screen-push_cube-action_contrastive_finetune-s2826-t512-r1,push_cube,action_contrastive_finetune,2826,512,32,29.12435535829857,26.288783638157604,-2.8355717201409654,0.9659784454852343,0.9564704559743404,-0.009507989510893822,0.007028165739029646,0.012301814742386341,0.005273649003356695
acwm-autoloop-screen-push_cube-action_contrastive_finetune-s2826-t512-r1,push_cube,action_contrastive_finetune,2826,512,48,27.38107247455298,24.789697921492696,-2.591374553060284,0.957865085452795,0.948814949641625,-0.00905013581116998,0.008076579309999943,0.016756536439061165,0.008679957129061222
acwm-autoloop-screen-push_cube-action_contrastive_finetune-s2826-t512-r1,push_cube,action_contrastive_finetune,2826,512,64,25.834519294177518,23.79199231601295,-2.0425269781645667,0.9504991471767426,0.9420618452131748,-0.008437301963567734,0.011599123477935791,0.017655234783887863,0.006056111305952072
acwm-autoloop-screen-push_cube-action_contrastive_finetune-s2827-t512-r1,push_cube,action_contrastive_finetune,2827,512,16,32.32475674228858,30.377548521579115,-1.947208220709463,0.9754222817718983,0.9686200097203255,-0.0068022720515728,0.0048582348972558975,0.004448999185115099,-0.00040923571214079857
acwm-autoloop-screen-push_cube-action_contrastive_finetune-s2827-t512-r1,push_cube,action_contrastive_finetune,2827,512,32,29.12435535829857,27.699819292342077,-1.4245360659564916,0.9659784454852343,0.9600100219249725,-0.005968423560261726,0.007028165739029646,0.009122687391936779,0.002094521652907133
acwm-autoloop-screen-push_cube-action_contrastive_finetune-s2827-t512-r1,push_cube,action_contrastive_finetune,2827,512,48,27.38107247455298,25.281960112533987,-2.0991123620189924,0.957865085452795,0.9509528564910094,-0.006912228961785671,0.008076579309999943,0.017220277339220047,0.009143698029220104
acwm-autoloop-screen-push_cube-action_contrastive_finetune-s2827-t512-r1,push_cube,action_contrastive_finetune,2827,512,64,25.834519294177518,24.001411887828162,-1.833107406349356,0.9504991471767426,0.9419107744470239,-0.008588372729718685,0.011599123477935791,0.018811475485563278,0.007212352007627487
acwm-autoloop-screen-push_cube-dino_rep_injection-s1600-t512-r1,push_cube,dino_rep_injection,1600,512,16,32.32475674228858,29.16656085621446,-3.158195886074118,0.9754222817718983,0.9678619727492332,-0.007560309022665024,0.0048582348972558975,0.005742385517805815,0.0008841506205499172
acwm-autoloop-screen-push_cube-dino_rep_injection-s1600-t512-r1,push_cube,dino_rep_injection,1600,512,32,29.12435535829857,25.941209006120513,-3.1831463521780563,0.9659784454852343,0.9525044560432434,-0.013473989441990852,0.007028165739029646,0.010675922967493534,0.003647757228463888
acwm-autoloop-screen-push_cube-dino_rep_injection-s1600-t512-r1,push_cube,dino_rep_injection,1600,512,48,27.38107247455298,22.872982986592348,-4.508089487960632,0.957865085452795,0.9411439299583435,-0.016721155494451523,0.008076579309999943,0.025665750727057457,0.017589171417057514
acwm-autoloop-screen-push_cube-dino_rep_injection-s1600-t512-r1,push_cube,dino_rep_injection,1600,512,64,25.834519294177518,21.853536064808058,-3.9809832293694605,0.9504991471767426,0.9346260288730264,-0.015873118303716183,0.011599123477935791,0.029824253171682358,0.018225129693746567
acwm-autoloop-screen-push_cube-dino_rep_injection-s990-t512-r1,push_cube,dino_rep_injection,990,512,16,32.32475674228858,29.683603349119373,-2.641153393169205,0.9754222817718983,0.9693663381040096,-0.006055943667888641,0.0048582348972558975,0.006231160368770361,0.0013729254715144634
acwm-autoloop-screen-push_cube-dino_rep_injection-s990-t512-r1,push_cube,dino_rep_injection,990,512,32,29.12435535829857,26.764642022296098,-2.3597133360024714,0.9659784454852343,0.9550299886614084,-0.010948456823825836,0.007028165739029646,0.00978881772607565,0.0027606519870460033
acwm-autoloop-screen-push_cube-dino_rep_injection-s990-t512-r1,push_cube,dino_rep_injection,990,512,48,27.38107247455298,25.20214475612738,-2.178927718425598,0.957865085452795,0.9460411655406157,-0.011823919912179348,0.008076579309999943,0.013804466463625431,0.005727887153625488
acwm-autoloop-screen-push_cube-dino_rep_injection-s990-t512-r1,push_cube,dino_rep_injection,990,512,64,25.834519294177518,24.398436161913043,-1.436083132264475,0.9504991471767426,0.9412014316767454,-0.009297715499997139,0.011599123477935791,0.015101241879165173,0.0035021184012293816
acwm-autoloop-screen-push_cube-inv_dyn_reward_finetune-s851-t512-r1,push_cube,inv_dyn_reward_finetune,851,512,16,32.32475674228858,30.81381003106096,-1.5109467112276178,0.9754222817718983,0.9728167913854122,-0.0026054903864860535,0.0048582348972558975,0.004542305134236813,-0.00031592976301908493
acwm-autoloop-screen-push_cube-inv_dyn_reward_finetune-s851-t512-r1,push_cube,inv_dyn_reward_finetune,851,512,32,29.12435535829857,26.693743607752978,-2.430611750545591,0.9659784454852343,0.9581714887171984,-0.007806956768035889,0.007028165739029646,0.011852944269776344,0.004824778530746698
acwm-autoloop-screen-push_cube-inv_dyn_reward_finetune-s851-t512-r1,push_cube,inv_dyn_reward_finetune,851,512,48,27.38107247455298,24.620845531503768,-2.7602269430492115,0.957865085452795,0.9499739445745945,-0.007891140878200531,0.008076579309999943,0.015634849667549133,0.0075582703575491905
acwm-autoloop-screen-push_cube-inv_dyn_reward_finetune-s851-t512-r1,push_cube,inv_dyn_reward_finetune,851,512,64,25.834519294177518,23.751084439878106,-2.083434854299412,0.9504991471767426,0.9448466273024678,-0.005652519874274731,0.011599123477935791,0.017359891906380653,0.005760768428444862
acwm-autoloop-screen-push_cube-inv_dyn_reward_finetune-s977-t512-r1,push_cube,inv_dyn_reward_finetune,977,512,16,32.32475674228858,29.740365023851364,-2.584391718437214,0.9754222817718983,0.9684930257499218,-0.006929256021976471,0.0048582348972558975,0.0046659498475492,-0.00019228504970669746
acwm-autoloop-screen-push_cube-inv_dyn_reward_finetune-s977-t512-r1,push_cube,inv_dyn_reward_finetune,977,512,32,29.12435535829857,26.043599838934885,-3.0807555193636844,0.9659784454852343,0.9522505961358547,-0.01372784934937954,0.007028165739029646,0.0103002255782485,0.003272059839218855
acwm-autoloop-screen-push_cube-inv_dyn_reward_finetune-s977-t512-r1,push_cube,inv_dyn_reward_finetune,977,512,48,27.38107247455298,22.7324138962604,-4.648658578292579,0.957865085452795,0.9419083148241043,-0.01595677062869072,0.008076579309999943,0.028439586982131004,0.02036300767213106
acwm-autoloop-screen-push_cube-inv_dyn_reward_finetune-s977-t512-r1,push_cube,inv_dyn_reward_finetune,977,512,64,25.834519294177518,21.580693183446673,-4.253826110730845,0.9504991471767426,0.9345702277496457,-0.015928919427096844,0.011599123477935791,0.03298856317996979,0.021389439702033997
acwm-autoloop-screen-push_cube-inv_dyn_reward_finetune-s980-t512-r1,push_cube,inv_dyn_reward_finetune,980,512,16,32.32475674228858,30.52836624936407,-1.796390492924509,0.9754222817718983,0.9740151166915894,-0.0014071650803089142,0.0048582348972558975,0.006814894732087851,0.001956659834831953
acwm-autoloop-screen-push_cube-inv_dyn_reward_finetune-s980-t512-r1,push_cube,inv_dyn_reward_finetune,980,512,32,29.12435535829857,27.13625534877361,-1.9881000095249597,0.9659784454852343,0.9620983898639679,-0.003880055621266365,0.007028165739029646,0.009926012717187405,0.0028978469781577587
acwm-autoloop-screen-push_cube-inv_dyn_reward_finetune-s980-t512-r1,push_cube,inv_dyn_reward_finetune,980,512,48,27.38107247455298,25.077898717595616,-2.3031737569573636,0.957865085452795,0.9541746961573759,-0.0036903892954190942,0.008076579309999943,0.013764881528913975,0.005688302218914032
acwm-autoloop-screen-push_cube-inv_dyn_reward_finetune-s980-t512-r1,push_cube,inv_dyn_reward_finetune,980,512,64,25.834519294177518,24.61096298938409,-1.2235563047934264,0.9504991471767426,0.9519060272723436,0.0014068800956010818,0.011599123477935791,0.01511752512305975,0.0035184016451239586
acwm-autoloop-screen-push_cube-latent_motion_prior-s863-t512-r1,push_cube,latent_motion_prior,863,512,16,32.32475674228858,30.642817369392134,-1.6819393728964442,0.9754222817718983,0.9756063744425774,0.0001840926706790924,0.0048582348972558975,0.005587093066424131,0.0007288581691682339
acwm-autoloop-screen-push_cube-latent_motion_prior-s863-t512-r1,push_cube,latent_motion_prior,863,512,32,29.12435535829857,27.03209263801807,-2.092262720280498,0.9659784454852343,0.9653464276343584,-0.0006320178508758545,0.007028165739029646,0.01025910023599863,0.0032309344969689846
acwm-autoloop-screen-push_cube-latent_motion_prior-s863-t512-r1,push_cube,latent_motion_prior,863,512,48,27.38107247455298,24.05577926596626,-3.325293208586718,0.957865085452795,0.9561902942756811,-0.001674791177113888,0.008076579309999943,0.018705371767282486,0.010628792457282543
acwm-autoloop-screen-push_cube-latent_motion_prior-s863-t512-r1,push_cube,latent_motion_prior,863,512,64,25.834519294177518,22.981737818447794,-2.8527814757297243,0.9504991471767426,0.9506492344662547,0.00015008728951215744,0.011599123477935791,0.020001396536827087,0.008402273058891296
acwm-autoloop-screen-push_cube-latent_motion_prior-s994-t512-r1,push_cube,latent_motion_prior,994,512,16,32.32475674228858,28.638581965447916,-3.6861747768406623,0.9754222817718983,0.9656558185815811,-0.009766463190317154,0.0048582348972558975,0.004986887332051992,0.0001286524347960949
acwm-autoloop-screen-push_cube-latent_motion_prior-s994-t512-r1,push_cube,latent_motion_prior,994,512,32,29.12435535829857,24.244172273832,-4.8801830844665695,0.9659784454852343,0.948286509141326,-0.01769193634390831,0.007028165739029646,0.018787601962685585,0.011759436223655939
acwm-autoloop-screen-push_cube-latent_motion_prior-s994-t512-r1,push_cube,latent_motion_prior,994,512,48,27.38107247455298,22.456490169456323,-4.924582305096656,0.957865085452795,0.9388388122121493,-0.019026273240645764,0.008076579309999943,0.024059820920228958,0.015983241610229015
acwm-autoloop-screen-push_cube-latent_motion_prior-s994-t512-r1,push_cube,latent_motion_prior,994,512,64,25.834519294177518,21.653029435640644,-4.1814898585368745,0.9504991471767426,0.9334226287901402,-0.0170765183866024,0.011599123477935791,0.0247872993350029,0.013188175857067108
acwm-autoloop-screen-push_cube-latent_motion_prior-s997-t512-r1,push_cube,latent_motion_prior,997,512,16,32.32475674228858,30.301270577723486,-2.0234861645650923,0.9754222817718983,0.9754586927592754,3.641098737716675e-05,0.0048582348972558975,0.008097200654447079,0.003238965757191181
acwm-autoloop-screen-push_cube-latent_motion_prior-s997-t512-r1,push_cube,latent_motion_prior,997,512,32,29.12435535829857,28.09934148775786,-1.0250138705407075,0.9659784454852343,0.9673760775476694,0.0013976320624351501,0.007028165739029646,0.00810160394757986,0.0010734382085502148
acwm-autoloop-screen-push_cube-latent_motion_prior-s997-t512-r1,push_cube,latent_motion_prior,997,512,48,27.38107247455298,26.81620790377446,-0.5648645707785214,0.957865085452795,0.9613122443358103,0.0034471588830152777,0.008076579309999943,0.009769575670361519,0.001692996360361576
acwm-autoloop-screen-push_cube-latent_motion_prior-s997-t512-r1,push_cube,latent_motion_prior,997,512,64,25.834519294177518,26.18430714401474,0.3497878498372202,0.9504991471767426,0.9570705583319068,0.006571411155164242,0.011599123477935791,0.009783243760466576,-0.0018158797174692154
acwm-autoloop-screen-push_cube-mixture_reweight-s2603-t512-r1,push_cube,mixture_reweight,2603,512,16,32.32475674228858,30.1647799844287,-2.1599767578598765,0.9754222817718983,0.9704101607203484,-0.0050121210515499115,0.0048582348972558975,0.007978326641023159,0.0031200917437672615
acwm-autoloop-screen-push_cube-mixture_reweight-s2603-t512-r1,push_cube,mixture_reweight,2603,512,32,29.12435535829857,27.336105585985973,-1.7882497723125965,0.9659784454852343,0.9599007572978735,-0.0060776881873607635,0.007028165739029646,0.010540607385337353,0.003512441646307707
acwm-autoloop-screen-push_cube-mixture_reweight-s2603-t512-r1,push_cube,mixture_reweight,2603,512,48,27.38107247455298,25.14100299625076,-2.240069478302221,0.957865085452795,0.9511893366773924,-0.006675748775402668,0.008076579309999943,0.016174795106053352,0.00809821579605341
acwm-autoloop-screen-push_cube-mixture_reweight-s2603-t512-r1,push_cube,mixture_reweight,2603,512,64,25.834519294177518,24.235826109543545,-1.598693184633973,0.9504991471767426,0.945782427676022,-0.004716719500720501,0.011599123477935791,0.01692269742488861,0.00532357394695282
acwm-autoloop-screen-push_cube-mixture_reweight-s2604-t512-r1,push_cube,mixture_reweight,2604,512,16,32.32475674228858,28.469584608108246,-3.855172134180332,0.9754222817718983,0.9634621515870094,-0.01196013018488884,0.0048582348972558975,0.006925366818904877,0.002067131921648979
acwm-autoloop-screen-push_cube-mixture_reweight-s2604-t512-r1,push_cube,mixture_reweight,2604,512,32,29.12435535829857,25.466607310397222,-3.6577480479013467,0.9659784454852343,0.9486247543245554,-0.017353691160678864,0.007028165739029646,0.012273396365344524,0.0052452306263148785
acwm-autoloop-screen-push_cube-mixture_reweight-s2604-t512-r1,push_cube,mixture_reweight,2604,512,48,27.38107247455298,24.15371963333552,-3.22735284121746,0.957865085452795,0.9409692597885927,-0.016895825664202335,0.008076579309999943,0.015079346485435963,0.00700276717543602
acwm-autoloop-screen-push_cube-mixture_reweight-s2604-t512-r1,push_cube,mixture_reweight,2604,512,64,25.834519294177518,23.473954202000513,-2.360565092177005,0.9504991471767426,0.9362377338111401,-0.014261413365602493,0.011599123477935791,0.01672665774822235,0.00512753427028656
acwm-autoloop-screen-push_cube-mixture_reweight-s963-t512-r1,push_cube,mixture_reweight,963,512,16,32.32475674228858,29.274291830339266,-3.0504649119493124,0.9754222817718983,0.9674519523978233,-0.007970329374074936,0.0048582348972558975,0.004339977167546749,-0.0005182577297091484
acwm-autoloop-screen-push_cube-mixture_reweight-s963-t512-r1,push_cube,mixture_reweight,963,512,32,29.12435535829857,26.793757126297955,-2.3305982320006144,0.9659784454852343,0.9555522985756397,-0.010426146909594536,0.007028165739029646,0.006842531729489565,-0.00018563400954008102
acwm-autoloop-screen-push_cube-mixture_reweight-s963-t512-r1,push_cube,mixture_reweight,963,512,48,27.38107247455298,25.75408090343023,-1.6269915711227512,0.957865085452795,0.9491425553957621,-0.00872253005703294,0.008076579309999943,0.007598774507641792,-0.0004778048023581505
acwm-autoloop-screen-push_cube-mixture_reweight-s963-t512-r1,push_cube,mixture_reweight,963,512,64,25.834519294177518,25.138460005870286,-0.6960592883072323,0.9504991471767426,0.9451054120436311,-0.005393735133111477,0.011599123477935791,0.008841418661177158,-0.0027577048167586327
acwm-autoloop-screen-push_cube-mixture_reweight-s967-t512-r1,push_cube,mixture_reweight,967,512,16,32.32475674228858,28.78455234434895,-3.540204397939629,0.9754222817718983,0.967498067766428,-0.007924214005470276,0.0048582348972558975,0.007518534082919359,0.0026602991856634617
acwm-autoloop-screen-push_cube-mixture_reweight-s967-t512-r1,push_cube,mixture_reweight,967,512,32,29.12435535829857,27.18862197507817,-1.9357333832203985,0.9659784454852343,0.9593046437948942,-0.006673801690340042,0.007028165739029646,0.007470826152712107,0.0004426604136824608
acwm-autoloop-screen-push_cube-mixture_reweight-s967-t512-r1,push_cube,mixture_reweight,967,512,48,27.38107247455298,26.36287593326424,-1.018196541288738,0.957865085452795,0.9544716837505499,-0.0033934017022451135,0.008076579309999943,0.00753364572301507,-0.0005429335869848728
acwm-autoloop-screen-push_cube-mixture_reweight-s967-t512-r1,push_cube,mixture_reweight,967,512,64,25.834519294177518,25.487247564238984,-0.3472717299385337,0.9504991471767426,0.949525005184114,-0.0009741419926285744,0.011599123477935791,0.009037207812070847,-0.0025619156658649445
acwm-autoloop-screen-push_cube-mixture_reweight-s973-t512-r1,push_cube,mixture_reweight,973,512,16,32.32475674228858,28.777482718677977,-3.5472740236106013,0.9754222817718983,0.97248575091362,-0.0029365308582782745,0.0048582348972558975,0.013578999787569046,0.008720764890313148
acwm-autoloop-screen-push_cube-mixture_reweight-s973-t512-r1,push_cube,mixture_reweight,973,512,32,29.12435535829857,26.532747121646775,-2.591608236651794,0.9659784454852343,0.9618809558451176,-0.004097489640116692,0.007028165739029646,0.013094938360154629,0.006066772621124983
acwm-autoloop-screen-push_cube-mixture_reweight-s973-t512-r1,push_cube,mixture_reweight,973,512,48,27.38107247455298,25.75282883010921,-1.6282436444437707,0.957865085452795,0.955818855514129,-0.002046229938665989,0.008076579309999943,0.01360954437404871,0.005532965064048767
acwm-autoloop-screen-push_cube-mixture_reweight-s973-t512-r1,push_cube,mixture_reweight,973,512,64,25.834519294177518,24.945525359933633,-0.8889939342438851,0.9504991471767426,0.9501507924869657,-0.00034835468977689743,0.011599123477935791,0.013183101080358028,0.0015839776024222374
acwm-autoloop-screen-push_cube-motion_region_reweight-s2080-t512-r1,push_cube,motion_region_reweight,2080,512,16,32.32475674228858,31.647228616040803,-0.6775281262477755,0.9754222817718983,0.9762729927897453,0.0008507110178470612,0.0048582348972558975,0.003998206928372383,-0.0008600279688835144
acwm-autoloop-screen-push_cube-motion_region_reweight-s2080-t512-r1,push_cube,motion_region_reweight,2080,512,32,29.12435535829857,25.824850598233482,-3.299504760065087,0.9659784454852343,0.9602378197014332,-0.005740625783801079,0.007028165739029646,0.014924556016921997,0.007896390277892351
acwm-autoloop-screen-push_cube-motion_region_reweight-s2080-t512-r1,push_cube,motion_region_reweight,2080,512,48,27.38107247455298,24.023642510359927,-3.3574299641930523,0.957865085452795,0.9498812034726143,-0.00798388198018074,0.008076579309999943,0.01734860986471176,0.009272030554711819
acwm-autoloop-screen-push_cube-motion_region_reweight-s2080-t512-r1,push_cube,motion_region_reweight,2080,512,64,25.834519294177518,23.24038236437486,-2.5941369298026586,0.9504991471767426,0.9439137717708945,-0.006585375405848026,0.011599123477935791,0.02125077322125435,0.009651649743318558
acwm-autoloop-screen-push_cube-motion_region_reweight-s2083-t512-r1,push_cube,motion_region_reweight,2083,512,16,32.32475674228858,29.694885367479067,-2.629871374809511,0.9754222817718983,0.9658049531280994,-0.009617328643798828,0.0048582348972558975,0.008402916602790356,0.003544681705534458
acwm-autoloop-screen-push_cube-motion_region_reweight-s2083-t512-r1,push_cube,motion_region_reweight,2083,512,32,29.12435535829857,25.03623381414997,-4.088121544148599,0.9659784454852343,0.9516141433268785,-0.014364302158355713,0.007028165739029646,0.018748514354228973,0.011720348615199327
acwm-autoloop-screen-push_cube-motion_region_reweight-s2083-t512-r1,push_cube,motion_region_reweight,2083,512,48,27.38107247455298,22.53831670675676,-4.84275576779622,0.957865085452795,0.9430263539155325,-0.014838731537262562,0.008076579309999943,0.027207529172301292,0.01913094986230135
acwm-autoloop-screen-push_cube-motion_region_reweight-s2083-t512-r1,push_cube,motion_region_reweight,2083,512,64,25.834519294177518,21.274718490865844,-4.559800803311674,0.9504991471767426,0.9358556848019361,-0.014643462374806404,0.011599123477935791,0.0294754970818758,0.01787637360394001
acwm-autoloop-screen-push_cube-motion_region_reweight-s2086-t512-r1,push_cube,motion_region_reweight,2086,512,16,32.32475674228858,29.054460168999153,-3.270296573289425,0.9754222817718983,0.9709837175905704,-0.00443856418132782,0.0048582348972558975,0.010295807383954525,0.0054375724866986275
acwm-autoloop-screen-push_cube-motion_region_reweight-s2086-t512-r1,push_cube,motion_region_reweight,2086,512,32,29.12435535829857,26.389923991945118,-2.7344313663534514,0.9659784454852343,0.9594475645571947,-0.006530880928039551,0.007028165739029646,0.01175341010093689,0.004725244361907244
acwm-autoloop-screen-push_cube-motion_region_reweight-s2086-t512-r1,push_cube,motion_region_reweight,2086,512,48,27.38107247455298,24.000114255537245,-3.380958219015735,0.957865085452795,0.952862394352754,-0.005002691100041035,0.008076579309999943,0.018246762454509735,0.010170183144509792
acwm-autoloop-screen-push_cube-motion_region_reweight-s2086-t512-r1,push_cube,motion_region_reweight,2086,512,64,25.834519294177518,22.67213193465818,-3.1623873595193395,0.9504991471767426,0.9448292218148708,-0.005669925361871719,0.011599123477935791,0.020950254052877426,0.009351130574941635
acwm-autoloop-screen-push_cube-motion_region_reweight-s2605-t512-r1,push_cube,motion_region_reweight,2605,512,16,32.32475674228858,28.265580160966426,-4.059176581322152,0.9754222817718983,0.9637282714247704,-0.011694010347127914,0.0048582348972558975,0.009426349774003029,0.004568114876747131
acwm-autoloop-screen-push_cube-motion_region_reweight-s2605-t512-r1,push_cube,motion_region_reweight,2605,512,32,29.12435535829857,25.082361335462984,-4.041994022835585,0.9659784454852343,0.9474347960203886,-0.018543649464845657,0.007028165739029646,0.014909198507666588,0.007881032768636942
acwm-autoloop-screen-push_cube-motion_region_reweight-s2605-t512-r1,push_cube,motion_region_reweight,2605,512,48,27.38107247455298,24.744238082000443,-2.6368343925525366,0.957865085452795,0.9426027971009413,-0.015262288351853726,0.008076579309999943,0.012826231308281422,0.004749651998281479
acwm-autoloop-screen-push_cube-motion_region_reweight-s2605-t512-r1,push_cube,motion_region_reweight,2605,512,64,25.834519294177518,24.35686225702139,-1.4776570371561277,0.9504991471767426,0.9390667453408241,-0.011432401835918427,0.011599123477935791,0.013835825957357883,0.0022367024794220924
acwm-autoloop-screen-push_cube-motion_region_reweight-s2825-t512-r1,push_cube,motion_region_reweight,2825,512,16,32.32475674228858,29.178165241736377,-3.1465915005522014,0.9754222817718983,0.9660245664417744,-0.009397715330123901,0.0048582348972558975,0.004545389208942652,-0.0003128456883132458
acwm-autoloop-screen-push_cube-motion_region_reweight-s2825-t512-r1,push_cube,motion_region_reweight,2825,512,32,29.12435535829857,24.839277526320615,-4.285077831977954,0.9659784454852343,0.9482254162430763,-0.017753029242157936,0.007028165739029646,0.012550590559840202,0.005522424820810556
acwm-autoloop-screen-push_cube-motion_region_reweight-s2825-t512-r1,push_cube,motion_region_reweight,2825,512,48,27.38107247455298,22.16626847561568,-5.214803998937299,0.957865085452795,0.936216689646244,-0.02164839580655098,0.008076579309999943,0.022500906139612198,0.014424326829612255
acwm-autoloop-screen-push_cube-motion_region_reweight-s2825-t512-r1,push_cube,motion_region_reweight,2825,512,64,25.834519294177518,21.467978501394892,-4.366540792782626,0.9504991471767426,0.9312125472351909,-0.019286599941551685,0.011599123477935791,0.029291849583387375,0.017692726105451584
acwm-autoloop-screen-push_cube-next_forcing-s801-t512-r1,push_cube,next_forcing,801,512,16,32.32475674228858,30.471420065765045,-1.8533366765235328,0.9754222817718983,0.9732136838138103,-0.002208597958087921,0.0048582348972558975,0.005397053435444832,0.0005388185381889343
acwm-autoloop-screen-push_cube-next_forcing-s801-t512-r1,push_cube,next_forcing,801,512,32,29.12435535829857,28.142823877469265,-0.9815314808293039,0.9659784454852343,0.9649697653949261,-0.0010086800903081894,0.007028165739029646,0.0072301155887544155,0.0002019498497247696
acwm-autoloop-screen-push_cube-next_forcing-s801-t512-r1,push_cube,next_forcing,801,512,48,27.38107247455298,25.57288944731033,-1.8081830272426487,0.957865085452795,0.956219336638848,-0.0016457488139470788,0.008076579309999943,0.012502690777182579,0.004426111467182636
acwm-autoloop-screen-push_cube-next_forcing-s801-t512-r1,push_cube,next_forcing,801,512,64,25.834519294177518,24.508745942610236,-1.3257733515672818,0.9504991471767426,0.9500363813713193,-0.00046276580542325974,0.011599123477935791,0.013769550248980522,0.002170426771044731
acwm-autoloop-screen-push_cube-next_forcing-s983-t512-r1,push_cube,next_forcing,983,512,16,32.32475674228858,29.99606059427224,-2.3286961480163377,0.9754222817718983,0.9692980907857418,-0.006124190986156464,0.0048582348972558975,0.005538223311305046,0.0006799884140491486
acwm-autoloop-screen-push_cube-next_forcing-s983-t512-r1,push_cube,next_forcing,983,512,32,29.12435535829857,27.609902032645344,-1.5144533256532249,0.9659784454852343,0.9588670134544373,-0.007111432030797005,0.007028165739029646,0.009107681922614574,0.0020795161835849285
acwm-autoloop-screen-push_cube-next_forcing-s983-t512-r1,push_cube,next_forcing,983,512,48,27.38107247455298,25.171128665890134,-2.209943808662846,0.957865085452795,0.9499306802948316,-0.007934405157963398,0.008076579309999943,0.017836492508649826,0.009759913198649883
acwm-autoloop-screen-push_cube-next_forcing-s983-t512-r1,push_cube,next_forcing,983,512,64,25.834519294177518,23.80661554026077,-2.0279037539167497,0.9504991471767426,0.9424769300967455,-0.008022217079997063,0.011599123477935791,0.020827775821089745,0.009228652343153954
acwm-autoloop-screen-push_cube-next_forcing-s987-t512-r1,push_cube,next_forcing,987,512,16,32.32475674228858,29.339467379812803,-2.9852893624757755,0.9754222817718983,0.9675432965159416,-0.00787898525595665,0.0048582348972558975,0.006321183871477842,0.0014629489742219448
acwm-autoloop-screen-push_cube-next_forcing-s987-t512-r1,push_cube,next_forcing,987,512,32,29.12435535829857,25.706265695935624,-3.418089662362945,0.9659784454852343,0.9511717669665813,-0.014806678518652916,0.007028165739029646,0.01151615846902132,0.004487992729991674
acwm-autoloop-screen-push_cube-next_forcing-s987-t512-r1,push_cube,next_forcing,987,512,48,27.38107247455298,23.34422582618078,-4.036846648372201,0.957865085452795,0.9407486754159132,-0.017116410036881802,0.008076579309999943,0.01995048299431801,0.011873903684318066
acwm-autoloop-screen-push_cube-next_forcing-s987-t512-r1,push_cube,next_forcing,987,512,64,25.834519294177518,22.49457354697906,-3.3399457471984597,0.9504991471767426,0.934936985373497,-0.015562161803245544,0.011599123477935791,0.023781592026352882,0.012182468548417091
acwm-autoloop-screen-push_cube-self_forcing_finetune-s1811-t512-r1,push_cube,self_forcing_finetune,1811,512,16,32.32475674228858,29.73063147878519,-2.5941252635033862,0.9754222817718983,0.9694377891719341,-0.005984492599964142,0.0048582348972558975,0.0046472796238958836,-0.00021095527336001396
acwm-autoloop-screen-push_cube-self_forcing_finetune-s1811-t512-r1,push_cube,self_forcing_finetune,1811,512,32,29.12435535829857,25.982466412713695,-3.141888945584874,0.9659784454852343,0.9528798721730709,-0.013098573312163353,0.007028165739029646,0.010581489652395248,0.0035533239133656025
acwm-autoloop-screen-push_cube-self_forcing_finetune-s1811-t512-r1,push_cube,self_forcing_finetune,1811,512,48,27.38107247455298,23.264191884392563,-4.116880590160417,0.957865085452795,0.9420195743441582,-0.015845511108636856,0.008076579309999943,0.021546809002757072,0.01347022969275713
acwm-autoloop-screen-push_cube-self_forcing_finetune-s1811-t512-r1,push_cube,self_forcing_finetune,1811,512,64,25.834519294177518,22.37349129856407,-3.461027995613449,0.9504991471767426,0.9362789541482925,-0.014220193028450012,0.011599123477935791,0.024709677323698997,0.013110553845763206
acwm-autoloop-screen-push_cube-self_forcing_finetune-s1824-t512-r1,push_cube,self_forcing_finetune,1824,512,16,32.32475674228858,29.229231020956558,-3.09552572133202,0.9754222817718983,0.9710586220026016,-0.004363659769296646,0.0048582348972558975,0.008827856741845608,0.00396962184458971
acwm-autoloop-screen-push_cube-self_forcing_finetune-s1824-t512-r1,push_cube,self_forcing_finetune,1824,512,32,29.12435535829857,27.002855379188663,-2.121499979109906,0.9659784454852343,0.9609025660902262,-0.005075879395008087,0.007028165739029646,0.01013704389333725,0.003108878154307604
acwm-autoloop-screen-push_cube-self_forcing_finetune-s1824-t512-r1,push_cube,self_forcing_finetune,1824,512,48,27.38107247455298,25.492333454562388,-1.8887390199905916,0.957865085452795,0.9547325943907102,-0.0031324910620847968,0.008076579309999943,0.012991758994758129,0.004915179684758186
acwm-autoloop-screen-push_cube-self_forcing_finetune-s1824-t512-r1,push_cube,self_forcing_finetune,1824,512,64,25.834519294177518,24.510581631694542,-1.323937662482976,0.9504991471767426,0.9496324108913541,-0.0008667362853884697,0.011599123477935791,0.013973751105368137,0.0023746276274323463
acwm-autoloop-screen-push_cube-self_forcing_finetune-s2051-t512-r1,push_cube,self_forcing_finetune,2051,512,16,32.32475674228858,30.617221159883407,-1.7075355824051712,0.9754222817718983,0.9744292832911015,-0.000992998480796814,0.0048582348972558975,0.0032150016631931067,-0.0016432332340627909
acwm-autoloop-screen-push_cube-self_forcing_finetune-s2051-t512-r1,push_cube,self_forcing_finetune,2051,512,32,29.12435535829857,27.425789508811885,-1.698565849486684,0.9659784454852343,0.9623294286429882,-0.0036490168422460556,0.007028165739029646,0.007807969115674496,0.0007798033766448498
acwm-autoloop-screen-push_cube-self_forcing_finetune-s2051-t512-r1,push_cube,self_forcing_finetune,2051,512,48,27.38107247455298,25.490588926958107,-1.8904835475948722,0.957865085452795,0.9528515127797922,-0.005013572673002842,0.008076579309999943,0.012234009802341461,0.004157430492341518
acwm-autoloop-screen-push_cube-self_forcing_finetune-s2051-t512-r1,push_cube,self_forcing_finetune,2051,512,64,25.834519294177518,24.234905854245106,-1.599613439932412,0.9504991471767426,0.9449970759451389,-0.0055020712316036224,0.011599123477935791,0.014429151080548763,0.0028300276026129723
acwm-autoloop-screen-push_cube-wmsd_self_distill-s1101-t512-r1,push_cube,wmsd_self_distill,1101,512,16,32.32475674228858,30.16422363762636,-2.1605331046622176,0.9754222817718983,0.9699865132570267,-0.005435768514871597,0.0048582348972558975,0.005681740585714579,0.0008235056884586811
acwm-autoloop-screen-push_cube-wmsd_self_distill-s1101-t512-r1,push_cube,wmsd_self_distill,1101,512,32,29.12435535829857,27.31454355819235,-1.8098118001062176,0.9659784454852343,0.9593703560531139,-0.006608089432120323,0.007028165739029646,0.010012373328208923,0.0029842075891792774
acwm-autoloop-screen-push_cube-wmsd_self_distill-s1101-t512-r1,push_cube,wmsd_self_distill,1101,512,48,27.38107247455298,26.558565993244756,-0.8225064813082241,0.957865085452795,0.9535292399426302,-0.00433584551016486,0.008076579309999943,0.009749157354235649,0.0016725780442357063
acwm-autoloop-screen-push_cube-wmsd_self_distill-s1101-t512-r1,push_cube,wmsd_self_distill,1101,512,64,25.834519294177518,25.872823162539675,0.03830386836215638,0.9504991471767426,0.9493592828512192,-0.0011398643255233765,0.011599123477935791,0.010851060971617699,-0.0007480625063180923
acwm-autoloop-screen-push_cube-wmsd_self_distill-s1814-t512-r1,push_cube,wmsd_self_distill,1814,512,16,32.32475674228858,29.89682324677485,-2.4279334955137273,0.9754222817718983,0.9674565307796001,-0.007965750992298126,0.0048582348972558975,0.005449903197586536,0.0005916683003306389
acwm-autoloop-screen-push_cube-wmsd_self_distill-s1814-t512-r1,push_cube,wmsd_self_distill,1814,512,32,29.12435535829857,26.772983738147754,-2.3513716201508146,0.9659784454852343,0.953868817538023,-0.012109627947211266,0.007028165739029646,0.010501770302653313,0.0034736045636236668
acwm-autoloop-screen-push_cube-wmsd_self_distill-s1814-t512-r1,push_cube,wmsd_self_distill,1814,512,48,27.38107247455298,25.394540939674954,-1.9865315348780257,0.957865085452795,0.9464534781873226,-0.011411607265472412,0.008076579309999943,0.012901143170893192,0.0048245638608932495
acwm-autoloop-screen-push_cube-wmsd_self_distill-s1814-t512-r1,push_cube,wmsd_self_distill,1814,512,64,25.834519294177518,24.800234353823786,-1.0342849403537322,0.9504991471767426,0.9427420347929001,-0.007757112383842468,0.011599123477935791,0.013900849968194962,0.0023017264902591705
acwm-autoloop-screen-push_rope-action_contrastive_finetune-s2003-t512-r1,push_rope,action_contrastive_finetune,2003,512,16,37.58506630416648,36.76617159598873,-0.8188947081777513,0.9903500154614449,0.9889356754720211,-0.0014143399894237518,0.0012561611365526915,0.0015370314940810204,0.0002808703575283289
acwm-autoloop-screen-push_rope-action_contrastive_finetune-s2003-t512-r1,push_rope,action_contrastive_finetune,2003,512,32,36.32834010227697,34.94545461217402,-1.3828854901029501,0.9887581281363964,0.9839127343147993,-0.004845393821597099,0.001984253292903304,0.002461328636854887,0.0004770753439515829
acwm-autoloop-screen-push_rope-action_contrastive_finetune-s2003-t512-r1,push_rope,action_contrastive_finetune,2003,512,48,35.548925331910645,34.16957226376301,-1.379353068147637,0.987089308599631,0.9813375199834505,-0.00575178861618042,0.0019877292215824127,0.0027766069397330284,0.0007888777181506157
acwm-autoloop-screen-push_rope-action_contrastive_finetune-s2013-t512-r1,push_rope,action_contrastive_finetune,2013,512,16,37.58506630416648,36.595915029826735,-0.989151274339747,0.9903500154614449,0.9884612746536732,-0.0018887408077716827,0.0012561611365526915,0.0014523975551128387,0.00019623641856014729
acwm-autoloop-screen-push_rope-action_contrastive_finetune-s2013-t512-r1,push_rope,action_contrastive_finetune,2013,512,32,36.32834010227697,34.95588593787771,-1.372454164399258,0.9887581281363964,0.9831461645662785,-0.0056119635701179504,0.001984253292903304,0.00213959370739758,0.00015534041449427605
acwm-autoloop-screen-push_rope-action_contrastive_finetune-s2013-t512-r1,push_rope,action_contrastive_finetune,2013,512,48,35.548925331910645,34.07480817865074,-1.474117153259904,0.987089308599631,0.9803995825350285,-0.006689726064602497,0.0019877292215824127,0.002697789343073964,0.0007100601214915514
acwm-autoloop-screen-push_rope-action_contrastive_finetune-s2501-t512-r1,push_rope,action_contrastive_finetune,2501,512,16,37.58506630416648,36.894054610164545,-0.6910116940019364,0.9903500154614449,0.9890171997249126,-0.0013328157365322113,0.0012561611365526915,0.001525157829746604,0.0002689966931939125
acwm-autoloop-screen-push_rope-action_contrastive_finetune-s2501-t512-r1,push_rope,action_contrastive_finetune,2501,512,32,36.32834010227697,35.10778252726719,-1.220557575009778,0.9887581281363964,0.9847160428762436,-0.004042085260152817,0.001984253292903304,0.002602891530841589,0.0006186382379382849
acwm-autoloop-screen-push_rope-action_contrastive_finetune-s2501-t512-r1,push_rope,action_contrastive_finetune,2501,512,48,35.548925331910645,34.182329906335475,-1.36659542557517,0.987089308599631,0.981553872426351,-0.005535436173280006,0.0019877292215824127,0.0028124710079282522,0.0008247417863458395
acwm-autoloop-screen-push_rope-action_contrastive_finetune-s2502-t512-r1,push_rope,action_contrastive_finetune,2502,512,16,37.58506630416648,37.078662551316754,-0.506403752849728,0.9903500154614449,0.9885847233235836,-0.0017652921378612518,0.0012561611365526915,0.0014026055578142405,0.000146444421261549
acwm-autoloop-screen-push_rope-action_contrastive_finetune-s2502-t512-r1,push_rope,action_contrastive_finetune,2502,512,32,36.32834010227697,35.00217839627135,-1.326161706005621,0.9887581281363964,0.9830185305327177,-0.005739597603678703,0.001984253292903304,0.002321549691259861,0.0003372963983565569
acwm-autoloop-screen-push_rope-action_contrastive_finetune-s2502-t512-r1,push_rope,action_contrastive_finetune,2502,512,48,35.548925331910645,34.245300074029,-1.3036252578816487,0.987089308599631,0.9807817600667477,-0.006307548532883289,0.0019877292215824127,0.002629948779940605,0.0006422195583581924
acwm-autoloop-screen-push_rope-action_contrastive_finetune-s2503-t512-r1,push_rope,action_contrastive_finetune,2503,512,16,37.58506630416648,37.03137829317028,-0.5536880109962041,0.9903500154614449,0.9887462444603443,-0.0016037710011005402,0.0012561611365526915,0.001389110810123384,0.00013294967357069254
acwm-autoloop-screen-push_rope-action_contrastive_finetune-s2503-t512-r1,push_rope,action_contrastive_finetune,2503,512,32,36.32834010227697,34.91693894552303,-1.4114011567539393,0.9887581281363964,0.9836687911301851,-0.005089337006211281,0.001984253292903304,0.0024680946953594685,0.00048384140245616436
acwm-autoloop-screen-push_rope-action_contrastive_finetune-s2503-t512-r1,push_rope,action_contrastive_finetune,2503,512,48,35.548925331910645,33.80436813254963,-1.7445571993610187,0.987089308599631,0.9810049831867218,-0.006084325412909153,0.0019877292215824127,0.0031395447440445423,0.0011518155224621296
acwm-autoloop-screen-push_rope-action_contrastive_finetune-s2877-t512-r1,push_rope,action_contrastive_finetune,2877,512,16,37.58506630416648,37.190130200953185,-0.394936103213297,0.9903500154614449,0.9886098802089691,-0.0017401352524757385,0.0012561611365526915,0.0013257835526019335,6.962241604924202e-05
acwm-autoloop-screen-push_rope-action_contrastive_finetune-s2877-t512-r1,push_rope,action_contrastive_finetune,2877,512,32,36.32834010227697,35.026486285004026,-1.3018538172729421,0.9887581281363964,0.983855227008462,-0.004902901127934456,0.001984253292903304,0.0025135683827102184,0.0005293150898069143
acwm-autoloop-screen-push_rope-action_contrastive_finetune-s2877-t512-r1,push_rope,action_contrastive_finetune,2877,512,48,35.548925331910645,34.04313465710692,-1.5057906748037269,0.987089308599631,0.9807284573713938,-0.006360851228237152,0.0019877292215824127,0.0027997680008411407,0.000812038779258728
acwm-autoloop-screen-push_rope-action_contrastive_finetune-s2883-t512-r1,push_rope,action_contrastive_finetune,2883,512,16,37.58506630416648,37.11058593318194,-0.4744803709845442,0.9903500154614449,0.98765679448843,-0.0026932209730148315,0.0012561611365526915,0.0014234116533771157,0.00016725051682442427
acwm-autoloop-screen-push_rope-action_contrastive_finetune-s2883-t512-r1,push_rope,action_contrastive_finetune,2883,512,32,36.32834010227697,35.30453882192027,-1.0238012803567003,0.9887581281363964,0.9832132831215858,-0.005544845014810562,0.001984253292903304,0.002299998654052615,0.00031574536114931107
acwm-autoloop-screen-push_rope-action_contrastive_finetune-s2883-t512-r1,push_rope,action_contrastive_finetune,2883,512,48,35.548925331910645,34.242557300936895,-1.3063680309737506,0.987089308599631,0.980073103060325,-0.007016205539305931,0.0019877292215824127,0.0025938472244888544,0.0006061180029064417
acwm-autoloop-screen-push_rope-action_contrastive_finetune-s2895-t512-r1,push_rope,action_contrastive_finetune,2895,512,16,37.58506630416648,36.88375160547941,-0.7013146986870709,0.9903500154614449,0.9883234426379204,-0.002026572823524475,0.0012561611365526915,0.001589108258485794,0.0003329471219331026
acwm-autoloop-screen-push_rope-action_contrastive_finetune-s2895-t512-r1,push_rope,action_contrastive_finetune,2895,512,32,36.32834010227697,34.529062933349834,-1.7992771689271336,0.9887581281363964,0.9831179697066545,-0.0056401584297418594,0.001984253292903304,0.0032055180054157972,0.0012212647125124931
acwm-autoloop-screen-push_rope-action_contrastive_finetune-s2895-t512-r1,push_rope,action_contrastive_finetune,2895,512,48,35.548925331910645,33.80344768792969,-1.745477643980955,0.987089308599631,0.9807115818063418,-0.006377726793289185,0.0019877292215824127,0.003320364747196436,0.0013326355256140232
acwm-autoloop-screen-push_rope-action_contrastive_finetune-s2942-t512-r1,push_rope,action_contrastive_finetune,2942,512,16,37.58506630416648,37.047677541148204,-0.5373887630182779,0.9903500154614449,0.9887947961688042,-0.001555219292640686,0.0012561611365526915,0.0013672077329829335,0.00011104659643024206
acwm-autoloop-screen-push_rope-action_contrastive_finetune-s2942-t512-r1,push_rope,action_contrastive_finetune,2942,512,32,36.32834010227697,35.248559452132874,-1.0797806501440945,0.9887581281363964,0.9835396017879248,-0.0052185263484716415,0.001984253292903304,0.002161753363907337,0.0001775000710040331
acwm-autoloop-screen-push_rope-action_contrastive_finetune-s2942-t512-r1,push_rope,action_contrastive_finetune,2942,512,48,35.548925331910645,34.21792861599154,-1.330996715919106,0.987089308599631,0.980594027787447,-0.006495280812183979,0.0019877292215824127,0.0025089930277317762,0.0005212638061493635
acwm-autoloop-screen-push_rope-action_contrastive_finetune-s3116-t512-r1,push_rope,action_contrastive_finetune,3116,512,16,37.58506630416648,36.727972782776234,-0.8570935213902473,0.9903500154614449,0.9883891679346561,-0.0019608475267887115,0.0012561611365526915,0.001445829519070685,0.00018966838251799345
acwm-autoloop-screen-push_rope-action_contrastive_finetune-s3116-t512-r1,push_rope,action_contrastive_finetune,3116,512,32,36.32834010227697,34.74440659442656,-1.5839335078504106,0.9887581281363964,0.9828589465469122,-0.005899181589484215,0.001984253292903304,0.002577608684077859,0.0005933553911745548
acwm-autoloop-screen-push_rope-action_contrastive_finetune-s3116-t512-r1,push_rope,action_contrastive_finetune,3116,512,48,35.548925331910645,33.946547461597454,-1.602377870313191,0.987089308599631,0.980010125786066,-0.007079182813564899,0.0019877292215824127,0.0027935446705669165,0.0008058154489845037
acwm-autoloop-screen-push_rope-action_contrastive_finetune-s3117-t512-r1,push_rope,action_contrastive_finetune,3117,512,16,37.58506630416648,36.30780128213895,-1.2772650220275281,0.9903500154614449,0.9884543754160404,-0.0018956400454044342,0.0012561611365526915,0.00169073895085603,0.00043457781430333853
acwm-autoloop-screen-push_rope-action_contrastive_finetune-s3117-t512-r1,push_rope,action_contrastive_finetune,3117,512,32,36.32834010227697,34.471239700719785,-1.857100401557183,0.9887581281363964,0.9831982627511024,-0.005559865385293961,0.001984253292903304,0.00295026833191514,0.000966015039011836
acwm-autoloop-screen-push_rope-action_contrastive_finetune-s3117-t512-r1,push_rope,action_contrastive_finetune,3117,512,48,35.548925331910645,33.418112502306876,-2.1308128296037694,0.987089308599631,0.9796459625164667,-0.007443346083164215,0.0019877292215824127,0.003452856792137027,0.001465127570554614
acwm-autoloop-screen-push_rope-action_contrastive_finetune-s3118-t512-r1,push_rope,action_contrastive_finetune,3118,512,16,37.58506630416648,36.7690710005685,-0.8159953035979797,0.9903500154614449,0.9884883016347885,-0.0018617138266563416,0.0012561611365526915,0.0015765245771035552,0.00032036344055086374
acwm-autoloop-screen-push_rope-action_contrastive_finetune-s3118-t512-r1,push_rope,action_contrastive_finetune,3118,512,32,36.32834010227697,35.31771235330973,-1.010627748967238,0.9887581281363964,0.9844807367771864,-0.004277391359210014,0.001984253292903304,0.002308423165231943,0.00032416987232863903
acwm-autoloop-screen-push_rope-action_contrastive_finetune-s3118-t512-r1,push_rope,action_contrastive_finetune,3118,512,48,35.548925331910645,34.22620215990853,-1.3227231720021138,0.987089308599631,0.9814729814728101,-0.005616327126820808,0.0019877292215824127,0.0026375658344477415,0.0006498366128653288
acwm-autoloop-screen-push_rope-action_dimension_balancing-s2834-t512-r1,push_rope,action_dimension_balancing,2834,512,16,37.58506630416648,34.05790186440415,-3.5271644397623305,0.9903500154614449,0.9851178228855133,-0.005232192575931549,0.0012561611365526915,0.005012799520045519,0.0037566383834928274
acwm-autoloop-screen-push_rope-action_dimension_balancing-s2834-t512-r1,push_rope,action_dimension_balancing,2834,512,32,36.32834010227697,33.28401841111176,-3.0443216911652087,0.9887581281363964,0.9809241015464067,-0.007834026589989662,0.001984253292903304,0.004837761167436838,0.002853507874533534
acwm-autoloop-screen-push_rope-action_dimension_balancing-s2834-t512-r1,push_rope,action_dimension_balancing,2834,512,48,35.548925331910645,31.778836753787942,-3.770088578122703,0.987089308599631,0.9771490680674711,-0.009940240532159805,0.0019877292215824127,0.00635693222284317,0.0043692030012607574
acwm-autoloop-screen-push_rope-action_dimension_balancing-s2836-t512-r1,push_rope,action_dimension_balancing,2836,512,16,37.58506630416648,35.34796391553248,-2.237102388634,0.9903500154614449,0.9868590235710144,-0.0034909918904304504,0.0012561611365526915,0.0028562683146446943,0.0016001071780920029
acwm-autoloop-screen-push_rope-action_dimension_balancing-s2836-t512-r1,push_rope,action_dimension_balancing,2836,512,32,36.32834010227697,34.57698223487908,-1.7513578673978856,0.9887581281363964,0.9842664748430252,-0.0044916532933712006,0.001984253292903304,0.002922222949564457,0.0009379696566611528
acwm-autoloop-screen-push_rope-action_dimension_balancing-s2836-t512-r1,push_rope,action_dimension_balancing,2836,512,48,35.548925331910645,33.04732348740434,-2.501601844506304,0.987089308599631,0.9808713532984257,-0.00621795530120528,0.0019877292215824127,0.004209591541439295,0.002221862319856882
acwm-autoloop-screen-push_rope-action_dimension_balancing-s2846-t512-r1,push_rope,action_dimension_balancing,2846,512,16,37.58506630416648,32.44291781564822,-5.142148488518259,0.9903500154614449,0.9828259497880936,-0.007524065673351288,0.0012561611365526915,0.007112607825547457,0.005856446688994765
acwm-autoloop-screen-push_rope-action_dimension_balancing-s2846-t512-r1,push_rope,action_dimension_balancing,2846,512,32,36.32834010227697,31.587484867026603,-4.740855235250365,0.9887581281363964,0.9782641734927893,-0.01049395464360714,0.001984253292903304,0.007216830737888813,0.005232577444985509
acwm-autoloop-screen-push_rope-action_dimension_balancing-s2846-t512-r1,push_rope,action_dimension_balancing,2846,512,48,35.548925331910645,30.139531946220192,-5.4093933856904535,0.987089308599631,0.9742843732237816,-0.012804935375849369,0.0019877292215824127,0.009904233738780022,0.007916504517197609
acwm-autoloop-screen-push_rope-action_dimension_balancing-s2860-t512-r1,push_rope,action_dimension_balancing,2860,512,16,37.58506630416648,32.84501328051952,-4.740053023646965,0.9903500154614449,0.9842574670910835,-0.006092548370361328,0.0012561611365526915,0.0064019085839390755,0.005145747447386384
acwm-autoloop-screen-push_rope-action_dimension_balancing-s2860-t512-r1,push_rope,action_dimension_balancing,2860,512,32,36.32834010227697,32.269837015876405,-4.058503086400563,0.9887581281363964,0.9801370613276958,-0.008621066808700562,0.001984253292903304,0.006140979938209057,0.004156726645305753
acwm-autoloop-screen-push_rope-action_dimension_balancing-s2860-t512-r1,push_rope,action_dimension_balancing,2860,512,48,35.548925331910645,31.370639707933336,-4.17828562397731,0.987089308599631,0.9771250585714976,-0.009964250028133392,0.0019877292215824127,0.007214896380901337,0.005227167159318924
acwm-autoloop-screen-push_rope-action_dimension_balancing-s3048-t512-r1,push_rope,action_dimension_balancing,3048,512,16,37.58506630416648,35.37937017458381,-2.2056961295826696,0.9903500154614449,0.9876852370798588,-0.002664778381586075,0.0012561611365526915,0.002806698204949498,0.0015505370683968067
acwm-autoloop-screen-push_rope-action_dimension_balancing-s3048-t512-r1,push_rope,action_dimension_balancing,3048,512,32,36.32834010227697,33.32317412910827,-3.005165973168701,0.9887581281363964,0.982990400865674,-0.005767727270722389,0.001984253292903304,0.004522522911429405,0.002538269618526101
acwm-autoloop-screen-push_rope-action_dimension_balancing-s3048-t512-r1,push_rope,action_dimension_balancing,3048,512,48,35.548925331910645,31.688305073238435,-3.86062025867221,0.987089308599631,0.9787965193390846,-0.00829278926054633,0.0019877292215824127,0.006553674582391977,0.004565945360809565
acwm-autoloop-screen-push_rope-action_dimension_balancing-s3104-t512-r1,push_rope,action_dimension_balancing,3104,512,16,37.58506630416648,33.39426506651869,-4.19080123764779,0.9903500154614449,0.9840786084532738,-0.0062714070081710815,0.0012561611365526915,0.005108455196022987,0.003852294059470296
acwm-autoloop-screen-push_rope-action_dimension_balancing-s3104-t512-r1,push_rope,action_dimension_balancing,3104,512,32,36.32834010227697,32.153524701988474,-4.1748154002884945,0.9887581281363964,0.9796328935772181,-0.009125234559178352,0.001984253292903304,0.006015166640281677,0.004030913347378373
acwm-autoloop-screen-push_rope-action_dimension_balancing-s3104-t512-r1,push_rope,action_dimension_balancing,3104,512,48,35.548925331910645,30.630801995487182,-4.918123336423463,0.987089308599631,0.9758468680083752,-0.011242440591255787,0.0019877292215824127,0.00856063049286604,0.0065729012712836266
acwm-autoloop-screen-push_rope-action_dimension_balancing-s3111-t512-r1,push_rope,action_dimension_balancing,3111,512,16,37.58506630416648,34.55277998089253,-3.0322863232739508,0.9903500154614449,0.9867235496640205,-0.0036264657974243164,0.0012561611365526915,0.003789442591369152,0.0025332814548164606
acwm-autoloop-screen-push_rope-action_dimension_balancing-s3111-t512-r1,push_rope,action_dimension_balancing,3111,512,32,36.32834010227697,32.60748824790272,-3.7208518543742457,0.9887581281363964,0.983065664768219,-0.005692463368177414,0.001984253292903304,0.00623130751773715,0.004247054224833846
acwm-autoloop-screen-push_rope-action_dimension_balancing-s3111-t512-r1,push_rope,action_dimension_balancing,3111,512,48,35.548925331910645,30.76937637231337,-4.779548959597275,0.987089308599631,0.9785048415263494,-0.008584467073281532,0.0019877292215824127,0.009114294312894344,0.007126565091311932
acwm-autoloop-screen-push_rope-cfg_guidance_schedule-s913-t512-r1,push_rope,cfg_guidance_schedule,913,512,16,37.58506630416648,36.972969676976035,-0.6120966271904464,0.9903500154614449,0.9879669323563576,-0.0023830831050872803,0.0012561611365526915,0.0014433303149417043,0.00018716917838901281
acwm-autoloop-screen-push_rope-cfg_guidance_schedule-s913-t512-r1,push_rope,cfg_guidance_schedule,913,512,32,36.32834010227697,34.965404883206745,-1.3629352190702235,0.9887581281363964,0.9828106909990311,-0.005947437137365341,0.001984253292903304,0.0023839371278882027,0.00039968383498489857
acwm-autoloop-screen-push_rope-cfg_guidance_schedule-s913-t512-r1,push_rope,cfg_guidance_schedule,913,512,48,35.548925331910645,34.038932487079975,-1.5099928448306699,0.987089308599631,0.9799208790063858,-0.007168429593245151,0.0019877292215824127,0.0027073235251009464,0.0007195943035185337
acwm-autoloop-screen-push_rope-dino_rep_injection-s2052-t512-r1,push_rope,dino_rep_injection,2052,512,16,37.58506630416648,36.81086327128804,-0.7742030328784395,0.9903500154614449,0.9891799055039883,-0.0011701099574565887,0.0012561611365526915,0.0017120365519076586,0.0004558754153549671
acwm-autoloop-screen-push_rope-dino_rep_injection-s2052-t512-r1,push_rope,dino_rep_injection,2052,512,32,36.32834010227697,34.461257554605055,-1.867082547671913,0.9887581281363964,0.9840780645608902,-0.00468006357550621,0.001984253292903304,0.00335464789532125,0.0013703946024179459
acwm-autoloop-screen-push_rope-dino_rep_injection-s2052-t512-r1,push_rope,dino_rep_injection,2052,512,48,35.548925331910645,33.75088008441293,-1.7980452474977184,0.987089308599631,0.98186419531703,-0.005225113282601002,0.0019877292215824127,0.0035649340134114027,0.00157720479182899
acwm-autoloop-screen-push_rope-dino_rep_injection-s2844-t512-r1,push_rope,dino_rep_injection,2844,512,16,37.58506630416648,36.81740702769383,-0.7676592764726493,0.9903500154614449,0.9881220608949661,-0.0022279545664787292,0.0012561611365526915,0.0014129625633358955,0.00015680142678320408
acwm-autoloop-screen-push_rope-dino_rep_injection-s2844-t512-r1,push_rope,dino_rep_injection,2844,512,32,36.32834010227697,34.80659069406539,-1.5217494082115763,0.9887581281363964,0.9832098465412855,-0.005548281595110893,0.001984253292903304,0.0027587534859776497,0.0007745001930743456
acwm-autoloop-screen-push_rope-dino_rep_injection-s2844-t512-r1,push_rope,dino_rep_injection,2844,512,48,35.548925331910645,33.88815598041416,-1.6607693514964836,0.987089308599631,0.9802106904486815,-0.006878618150949478,0.0019877292215824127,0.003086176235228777,0.0010984470136463642
acwm-autoloop-screen-push_rope-dino_rep_injection-s2849-t512-r1,push_rope,dino_rep_injection,2849,512,16,37.58506630416648,35.84937375728069,-1.7356925468857938,0.9903500154614449,0.9880395084619522,-0.0023105069994926453,0.0012561611365526915,0.001937322085723281,0.0006811609491705894
acwm-autoloop-screen-push_rope-dino_rep_injection-s2849-t512-r1,push_rope,dino_rep_injection,2849,512,32,36.32834010227697,34.529099871898524,-1.7992402303784445,0.9887581281363964,0.9835200011730194,-0.005238126963376999,0.001984253292903304,0.002690874971449375,0.000706621678546071
acwm-autoloop-screen-push_rope-dino_rep_injection-s2849-t512-r1,push_rope,dino_rep_injection,2849,512,48,35.548925331910645,34.03331746125132,-1.5156078706593235,0.987089308599631,0.9813287816941738,-0.005760526905457142,0.0019877292215824127,0.002730931155383587,0.0007432019338011742
acwm-autoloop-screen-push_rope-dino_rep_injection-s3046-t512-r1,push_rope,dino_rep_injection,3046,512,16,37.58506630416648,36.95196206202106,-0.6331042421454214,0.9903500154614449,0.9886606931686401,-0.001689322292804718,0.0012561611365526915,0.0013982728123664856,0.00014211167581379414
acwm-autoloop-screen-push_rope-dino_rep_injection-s3046-t512-r1,push_rope,dino_rep_injection,3046,512,32,36.32834010227697,35.136456218015496,-1.1918838842614718,0.9887581281363964,0.9844112489372492,-0.004346879199147224,0.001984253292903304,0.002177696442231536,0.0001934431493282318
acwm-autoloop-screen-push_rope-dino_rep_injection-s3046-t512-r1,push_rope,dino_rep_injection,3046,512,48,35.548925331910645,34.3331263366036,-1.215798995307047,0.987089308599631,0.9818757337828478,-0.005213574816783195,0.0019877292215824127,0.0025303373113274574,0.0005426080897450447
acwm-autoloop-screen-push_rope-dino_rep_injection-s3050-t512-r1,push_rope,dino_rep_injection,3050,512,16,37.58506630416648,36.59061899143621,-0.9944473127302729,0.9903500154614449,0.9881683960556984,-0.00218161940574646,0.0012561611365526915,0.0018331118626520038,0.0005769507260993123
acwm-autoloop-screen-push_rope-dino_rep_injection-s3050-t512-r1,push_rope,dino_rep_injection,3050,512,32,36.32834010227697,34.24448616252227,-2.0838539397546967,0.9887581281363964,0.9825008008629084,-0.006257327273488045,0.001984253292903304,0.0034610943403095007,0.0014768410474061966
acwm-autoloop-screen-push_rope-dino_rep_injection-s3050-t512-r1,push_rope,dino_rep_injection,3050,512,48,35.548925331910645,33.36574047344409,-2.1831848584665536,0.987089308599631,0.9794399452706178,-0.007649363329013115,0.0019877292215824127,0.0036870501935482025,0.0016993209719657898
acwm-autoloop-screen-push_rope-event_window_reweight-s3130-t512-r1,push_rope,event_window_reweight,3130,512,16,37.58506630416648,35.736533949989344,-1.848532354177138,0.9903500154614449,0.9858130849897861,-0.004536930471658707,0.0012561611365526915,0.001760836923494935,0.0005046757869422436
acwm-autoloop-screen-push_rope-event_window_reweight-s3130-t512-r1,push_rope,event_window_reweight,3130,512,32,36.32834010227697,34.54420067314218,-1.7841394291347896,0.9887581281363964,0.9816001206636429,-0.007158007472753525,0.001984253292903304,0.0024641426280140877,0.0004798893351107836
acwm-autoloop-screen-push_rope-event_window_reweight-s3130-t512-r1,push_rope,event_window_reweight,3130,512,48,35.548925331910645,33.82798847713096,-1.720936854779687,0.987089308599631,0.9793827583392462,-0.0077065502603848035,0.0019877292215824127,0.0028127667028456926,0.0008250374812632799
acwm-autoloop-screen-push_rope-inv_dyn_reward_finetune-s2861-t512-r1,push_rope,inv_dyn_reward_finetune,2861,512,16,37.58506630416648,36.83710437654321,-0.7479619276232725,0.9903500154614449,0.9889996238052845,-0.0013503916561603546,0.0012561611365526915,0.001840373151935637,0.0005842120153829455
acwm-autoloop-screen-push_rope-inv_dyn_reward_finetune-s2861-t512-r1,push_rope,inv_dyn_reward_finetune,2861,512,32,36.32834010227697,35.127890898573085,-1.200449203703883,0.9887581281363964,0.9843126311898232,-0.0044454969465732574,0.001984253292903304,0.002501046285033226,0.0005167929921299219
acwm-autoloop-screen-push_rope-inv_dyn_reward_finetune-s2861-t512-r1,push_rope,inv_dyn_reward_finetune,2861,512,48,35.548925331910645,34.06445128721513,-1.4844740446955171,0.987089308599631,0.9814382269978523,-0.005651081601778629,0.0019877292215824127,0.0029194271191954613,0.0009316978976130486
acwm-autoloop-screen-push_rope-inv_dyn_reward_finetune-s2874-t512-r1,push_rope,inv_dyn_reward_finetune,2874,512,16,37.58506630416648,36.48672061109331,-1.0983456930731705,0.9903500154614449,0.9883931651711464,-0.001956850290298462,0.0012561611365526915,0.0014751343987882137,0.00021897326223552227
acwm-autoloop-screen-push_rope-inv_dyn_reward_finetune-s2874-t512-r1,push_rope,inv_dyn_reward_finetune,2874,512,32,36.32834010227697,34.564813625866584,-1.7635264764103837,0.9887581281363964,0.9829785097390413,-0.00577961839735508,0.001984253292903304,0.002457953756675124,0.00047370046377182007
acwm-autoloop-screen-push_rope-inv_dyn_reward_finetune-s2874-t512-r1,push_rope,inv_dyn_reward_finetune,2874,512,48,35.548925331910645,33.648770239374116,-1.9001550925365294,0.987089308599631,0.9797516874969006,-0.007337621102730396,0.0019877292215824127,0.0030400778632611036,0.001052348641678691
acwm-autoloop-screen-push_rope-inv_dyn_reward_finetune-s3105-t512-r1,push_rope,inv_dyn_reward_finetune,3105,512,16,37.58506630416648,36.94685553176083,-0.6382107724056496,0.9903500154614449,0.9891257360577583,-0.0012242794036865234,0.0012561611365526915,0.0015075583942234516,0.00025139725767076015
acwm-autoloop-screen-push_rope-inv_dyn_reward_finetune-s3105-t512-r1,push_rope,inv_dyn_reward_finetune,3105,512,32,36.32834010227697,34.81391543727391,-1.5144246650030553,0.9887581281363964,0.9838393181562424,-0.0049188099801540375,0.001984253292903304,0.002684878185391426,0.000700624892488122
acwm-autoloop-screen-push_rope-inv_dyn_reward_finetune-s3105-t512-r1,push_rope,inv_dyn_reward_finetune,3105,512,48,35.548925331910645,33.91463075928571,-1.6342945726249383,0.987089308599631,0.9812354358534018,-0.005853872746229172,0.0019877292215824127,0.0031207094434648752,0.0011329802218824625
acwm-autoloop-screen-push_rope-inv_dyn_reward_finetune-s3112-t512-r1,push_rope,inv_dyn_reward_finetune,3112,512,16,37.58506630416648,37.24821773264271,-0.3368485715237739,0.9903500154614449,0.9889577515423298,-0.0013922639191150665,0.0012561611365526915,0.0016466344241052866,0.00039047328755259514
acwm-autoloop-screen-push_rope-inv_dyn_reward_finetune-s3112-t512-r1,push_rope,inv_dyn_reward_finetune,3112,512,32,36.32834010227697,35.21554443956715,-1.1127956627098214,0.9887581281363964,0.9839628506451845,-0.004795277491211891,0.001984253292903304,0.002519250614568591,0.000534997321665287
acwm-autoloop-screen-push_rope-inv_dyn_reward_finetune-s3112-t512-r1,push_rope,inv_dyn_reward_finetune,3112,512,48,35.548925331910645,34.31765058839652,-1.2312747435141276,0.987089308599631,0.9818105250597,-0.005278783539930942,0.0019877292215824127,0.0027591430116444826,0.0007714137900620699
acwm-autoloop-screen-push_rope-inv_dyn_reward_finetune-s920-t512-r1,push_rope,inv_dyn_reward_finetune,920,512,16,37.58506630416648,37.41651904557915,-0.16854725858733133,0.9903500154614449,0.9892788901925087,-0.0010711252689361572,0.0012561611365526915,0.0014704596251249313,0.00021429848857223988
acwm-autoloop-screen-push_rope-inv_dyn_reward_finetune-s920-t512-r1,push_rope,inv_dyn_reward_finetune,920,512,32,36.32834010227697,35.164893252955196,-1.1634468493217724,0.9887581281363964,0.9839024599641562,-0.004855668172240257,0.001984253292903304,0.00249798153527081,0.000513728242367506
acwm-autoloop-screen-push_rope-inv_dyn_reward_finetune-s920-t512-r1,push_rope,inv_dyn_reward_finetune,920,512,48,35.548925331910645,34.31151492393356,-1.2374104079770873,0.987089308599631,0.9813995448251566,-0.005689763774474388,0.0019877292215824127,0.00266020349226892,0.0006724742706865072
acwm-autoloop-screen-push_rope-inv_dyn_reward_finetune-s988-t512-r1,push_rope,inv_dyn_reward_finetune,988,512,16,37.58506630416648,36.278480121065144,-1.306586183101338,0.9903500154614449,0.9879120141267776,-0.002438001334667206,0.0012561611365526915,0.0018358334200456738,0.0005796722834929824
acwm-autoloop-screen-push_rope-inv_dyn_reward_finetune-s988-t512-r1,push_rope,inv_dyn_reward_finetune,988,512,32,36.32834010227697,34.69229384802455,-1.6360462542524203,0.9887581281363964,0.9825745187699795,-0.006183609366416931,0.001984253292903304,0.0025090558920055628,0.0005248025991022587
acwm-autoloop-screen-push_rope-inv_dyn_reward_finetune-s988-t512-r1,push_rope,inv_dyn_reward_finetune,988,512,48,35.548925331910645,33.80031969525612,-1.7486056366545242,0.987089308599631,0.9791661414007345,-0.007923167198896408,0.0019877292215824127,0.0028506219387054443,0.0008628927171230316
acwm-autoloop-screen-push_rope-inv_dyn_reward_finetune-s991-t512-r1,push_rope,inv_dyn_reward_finetune,991,512,16,37.58506630416648,36.67279835362102,-0.9122679505454627,0.9903500154614449,0.9889125563204288,-0.0014374591410160065,0.0012561611365526915,0.0015536106657236814,0.00029744952917099
acwm-autoloop-screen-push_rope-inv_dyn_reward_finetune-s991-t512-r1,push_rope,inv_dyn_reward_finetune,991,512,32,36.32834010227697,35.18602848529926,-1.1423116169777074,0.9887581281363964,0.983958100900054,-0.00480002723634243,0.001984253292903304,0.002222475130110979,0.00023822183720767498
acwm-autoloop-screen-push_rope-inv_dyn_reward_finetune-s991-t512-r1,push_rope,inv_dyn_reward_finetune,991,512,48,35.548925331910645,34.29146313662485,-1.2574621952857967,0.987089308599631,0.9813991524279118,-0.005690156171719196,0.0019877292215824127,0.002518656197935343,0.0005309269763529301
acwm-autoloop-screen-push_rope-latent_motion_prior-s993-t512-r1,push_rope,latent_motion_prior,993,512,16,37.58506630416648,35.871724847823636,-1.713341456342846,0.9903500154614449,0.9881922230124474,-0.0021577924489974976,0.0012561611365526915,0.002083400497213006,0.0008272393606603146
acwm-autoloop-screen-push_rope-latent_motion_prior-s993-t512-r1,push_rope,latent_motion_prior,993,512,32,36.32834010227697,34.33829136383161,-1.9900487384453598,0.9887581281363964,0.9843383021652699,-0.004419825971126556,0.001984253292903304,0.0032971431501209736,0.0013128898572176695
acwm-autoloop-screen-push_rope-latent_motion_prior-s993-t512-r1,push_rope,latent_motion_prior,993,512,48,35.548925331910645,33.535198577880976,-2.013726754029669,0.987089308599631,0.9817323746780554,-0.005356933921575546,0.0019877292215824127,0.003640134586021304,0.0016524053644388914
acwm-autoloop-screen-push_rope-latent_motion_prior-s996-t512-r1,push_rope,latent_motion_prior,996,512,16,37.58506630416648,36.87686919038015,-0.7081971137863334,0.9903500154614449,0.9886922538280487,-0.0016577616333961487,0.0012561611365526915,0.0014547875616699457,0.00019862642511725426
acwm-autoloop-screen-push_rope-latent_motion_prior-s996-t512-r1,push_rope,latent_motion_prior,996,512,32,36.32834010227697,35.0481260662654,-1.2802140360115715,0.9887581281363964,0.983264347538352,-0.0054937805980443954,0.001984253292903304,0.0023826691322028637,0.0003984158392995596
acwm-autoloop-screen-push_rope-latent_motion_prior-s996-t512-r1,push_rope,latent_motion_prior,996,512,48,35.548925331910645,34.141050347177014,-1.4078749847336312,0.987089308599631,0.9799551417430242,-0.007134166856606727,0.0019877292215824127,0.0025961692444980145,0.0006084400229156017
acwm-autoloop-screen-push_rope-mixture_reweight-s2401-t512-r1,push_rope,mixture_reweight,2401,512,16,37.58506630416648,37.07729040103973,-0.507775903126749,0.9903500154614449,0.9890512190759182,-0.001298796385526657,0.0012561611365526915,0.0014781641075387597,0.00022200297098606825
acwm-autoloop-screen-push_rope-mixture_reweight-s2401-t512-r1,push_rope,mixture_reweight,2401,512,32,36.32834010227697,35.06558054356476,-1.2627595587122116,0.9887581281363964,0.9841417241841555,-0.004616403952240944,0.001984253292903304,0.002478992100805044,0.0004947388079017401
acwm-autoloop-screen-push_rope-mixture_reweight-s2401-t512-r1,push_rope,mixture_reweight,2401,512,48,35.548925331910645,33.74614173299504,-1.8027835989156031,0.987089308599631,0.9807062695423762,-0.006383039057254791,0.0019877292215824127,0.0032081669196486473,0.0012204376980662346
acwm-autoloop-screen-push_rope-mixture_reweight-s2411-t512-r1,push_rope,mixture_reweight,2411,512,16,37.58506630416648,36.698384672616896,-0.8866816315495853,0.9903500154614449,0.9885719232261181,-0.001778092235326767,0.0012561611365526915,0.0016579717630520463,0.00040181062649935484
acwm-autoloop-screen-push_rope-mixture_reweight-s2411-t512-r1,push_rope,mixture_reweight,2411,512,32,36.32834010227697,35.16548573799018,-1.1628543642867868,0.9887581281363964,0.9841899536550045,-0.004568174481391907,0.001984253292903304,0.0022386552300304174,0.00025440193712711334
acwm-autoloop-screen-push_rope-mixture_reweight-s2411-t512-r1,push_rope,mixture_reweight,2411,512,48,35.548925331910645,34.25710026865434,-1.2918250632563044,0.987089308599631,0.9817820402483145,-0.005307268351316452,0.0019877292215824127,0.0025683348067104816,0.0005806055851280689
acwm-autoloop-screen-push_rope-mixture_reweight-s2881-t512-r1,push_rope,mixture_reweight,2881,512,16,37.58506630416648,37.177338315441645,-0.4077279887248366,0.9903500154614449,0.9878120124340057,-0.0025380030274391174,0.0012561611365526915,0.0015416886890307069,0.0002855275524780154
acwm-autoloop-screen-push_rope-mixture_reweight-s2881-t512-r1,push_rope,mixture_reweight,2881,512,32,36.32834010227697,35.39765425945806,-0.9306858428189102,0.9887581281363964,0.9837054200470448,-0.005052708089351654,0.001984253292903304,0.0023146923631429672,0.0003304390702396631
acwm-autoloop-screen-push_rope-mixture_reweight-s2881-t512-r1,push_rope,mixture_reweight,2881,512,48,35.548925331910645,34.35419679622947,-1.1947285356811719,0.987089308599631,0.9814287833869457,-0.00566052521268523,0.0019877292215824127,0.002512911334633827,0.0005251821130514145
acwm-autoloop-screen-push_rope-mixture_reweight-s2888-t512-r1,push_rope,mixture_reweight,2888,512,16,37.58506630416648,36.33103223942936,-1.2540340647371195,0.9903500154614449,0.9872535914182663,-0.0030964240431785583,0.0012561611365526915,0.0017137484392151237,0.0004575873026624322
acwm-autoloop-screen-push_rope-mixture_reweight-s2888-t512-r1,push_rope,mixture_reweight,2888,512,32,36.32834010227697,34.888501379328176,-1.4398387229487923,0.9887581281363964,0.9833185002207756,-0.005439627915620804,0.001984253292903304,0.0024911314249038696,0.0005068781320005655
acwm-autoloop-screen-push_rope-mixture_reweight-s2888-t512-r1,push_rope,mixture_reweight,2888,512,48,35.548925331910645,34.00524072754373,-1.5436846043669163,0.987089308599631,0.9804054684937,-0.006683840105930927,0.0019877292215824127,0.0026533512864261866,0.0006656220648437738
acwm-autoloop-screen-push_rope-mixture_reweight-s2907-t512-r1,push_rope,mixture_reweight,2907,512,16,37.58506630416648,36.09607710704309,-1.488989197123395,0.9903500154614449,0.9877111166715622,-0.00263889878988266,0.0012561611365526915,0.0017406846163794398,0.00048452347982674837
acwm-autoloop-screen-push_rope-mixture_reweight-s2907-t512-r1,push_rope,mixture_reweight,2907,512,32,36.32834010227697,34.65795420732097,-1.6703858949559987,0.9887581281363964,0.9824225548654795,-0.006335573270916939,0.001984253292903304,0.0025456035509705544,0.0005613502580672503
acwm-autoloop-screen-push_rope-mixture_reweight-s2907-t512-r1,push_rope,mixture_reweight,2907,512,48,35.548925331910645,33.96670626602463,-1.5822190658860151,0.987089308599631,0.9794648041327795,-0.007624504466851478,0.0019877292215824127,0.002721623983234167,0.0007338947616517544
acwm-autoloop-screen-push_rope-mixture_reweight-s3113-t512-r1,push_rope,mixture_reweight,3113,512,16,37.58506630416648,36.52195175316727,-1.0631145509992095,0.9903500154614449,0.9882365167140961,-0.0021134987473487854,0.0012561611365526915,0.0016961079090833664,0.00043994677253067493
acwm-autoloop-screen-push_rope-mixture_reweight-s3113-t512-r1,push_rope,mixture_reweight,3113,512,32,36.32834010227697,34.79763789158615,-1.5307022106908192,0.9887581281363964,0.9831562228500843,-0.005601905286312103,0.001984253292903304,0.0026253212708979845,0.0006410679779946804
acwm-autoloop-screen-push_rope-mixture_reweight-s3113-t512-r1,push_rope,mixture_reweight,3113,512,48,35.548925331910645,33.694300540462145,-1.8546247914485008,0.987089308599631,0.979516364634037,-0.007572943965593937,0.0019877292215824127,0.0031997838523238897,0.001212054630741477
acwm-autoloop-screen-push_rope-mixture_reweight-s3114-t512-r1,push_rope,mixture_reweight,3114,512,16,37.58506630416648,37.24189086359993,-0.34317544056655436,0.9903500154614449,0.9889591857790947,-0.0013908296823501587,0.0012561611365526915,0.0011653066612780094,-9.085447527468204e-05
acwm-autoloop-screen-push_rope-mixture_reweight-s3114-t512-r1,push_rope,mixture_reweight,3114,512,32,36.32834010227697,34.8415758646336,-1.4867642376433707,0.9887581281363964,0.983061745762825,-0.005696382373571396,0.001984253292903304,0.002313034376129508,0.0003287810832262039
acwm-autoloop-screen-push_rope-mixture_reweight-s3114-t512-r1,push_rope,mixture_reweight,3114,512,48,35.548925331910645,34.162112339208235,-1.38681299270241,0.987089308599631,0.9801133337120215,-0.006975974887609482,0.0019877292215824127,0.002536534098908305,0.0005488048773258924
acwm-autoloop-screen-push_rope-mixture_reweight-s3115-t512-r1,push_rope,mixture_reweight,3115,512,16,37.58506630416648,37.01137925906602,-0.5736870451004634,0.9903500154614449,0.9888016022741795,-0.0015484131872653961,0.0012561611365526915,0.0016969377174973488,0.0004407765809446573
acwm-autoloop-screen-push_rope-mixture_reweight-s3115-t512-r1,push_rope,mixture_reweight,3115,512,32,36.32834010227697,35.17685492210954,-1.1514851801674268,0.9887581281363964,0.9835391081869602,-0.005219019949436188,0.001984253292903304,0.0024364630226045847,0.0004522097297012806
acwm-autoloop-screen-push_rope-mixture_reweight-s3115-t512-r1,push_rope,mixture_reweight,3115,512,48,35.548925331910645,34.07418223137172,-1.474743100538923,0.987089308599631,0.9807602316141129,-0.006329076985518101,0.0019877292215824127,0.0027129650115966797,0.000725235790014267
acwm-autoloop-screen-push_rope-mixture_reweight-s3124-t512-r1,push_rope,mixture_reweight,3124,512,16,37.58506630416648,37.43211513664182,-0.15295116752466242,0.9903500154614449,0.9890930205583572,-0.001256994903087616,0.0012561611365526915,0.0014009559527039528,0.00014479481615126133
acwm-autoloop-screen-push_rope-mixture_reweight-s3124-t512-r1,push_rope,mixture_reweight,3124,512,32,36.32834010227697,35.500033822263575,-0.8283062800133933,0.9887581281363964,0.9845021069049835,-0.004256021231412888,0.001984253292903304,0.002225539181381464,0.0002412858884781599
acwm-autoloop-screen-push_rope-mixture_reweight-s3124-t512-r1,push_rope,mixture_reweight,3124,512,48,35.548925331910645,34.48190817963911,-1.0670171522715322,0.987089308599631,0.9820756601790587,-0.005013648420572281,0.0019877292215824127,0.002433737274259329,0.0004460080526769161
acwm-autoloop-screen-push_rope-mixture_reweight-s801-t512-r1,push_rope,mixture_reweight,801,512,16,37.58506630416648,36.753190518864066,-0.8318757853024152,0.9903500154614449,0.9884612187743187,-0.0018887966871261597,0.0012561611365526915,0.0013886711094528437,0.0001325099729001522
acwm-autoloop-screen-push_rope-mixture_reweight-s801-t512-r1,push_rope,mixture_reweight,801,512,32,36.32834010227697,34.92300509387252,-1.4053350084044496,0.9887581281363964,0.9833892621099949,-0.00536886602640152,0.001984253292903304,0.002301418222486973,0.0003171649295836687
acwm-autoloop-screen-push_rope-mixture_reweight-s801-t512-r1,push_rope,mixture_reweight,801,512,48,35.548925331910645,34.0637478940283,-1.4851774378823421,0.987089308599631,0.9804024758438269,-0.006686832755804062,0.0019877292215824127,0.0026750057004392147,0.000687276478856802
acwm-autoloop-screen-push_rope-mixture_reweight-s961-t512-r1,push_rope,mixture_reweight,961,512,16,37.58506630416648,36.224112267941464,-1.3609540362250172,0.9903500154614449,0.9877903796732426,-0.0025596357882022858,0.0012561611365526915,0.0019098895136266947,0.0006537283770740032
acwm-autoloop-screen-push_rope-mixture_reweight-s961-t512-r1,push_rope,mixture_reweight,961,512,32,36.32834010227697,34.61671666640968,-1.7116234358672884,0.9887581281363964,0.9826362580060959,-0.006121870130300522,0.001984253292903304,0.002755368361249566,0.000771115068346262
acwm-autoloop-screen-push_rope-mixture_reweight-s961-t512-r1,push_rope,mixture_reweight,961,512,48,35.548925331910645,33.8408203364872,-1.7081049954234473,0.987089308599631,0.9794502320388953,-0.0076390765607357025,0.0019877292215824127,0.0029734335839748383,0.0009857043623924255
acwm-autoloop-screen-push_rope-mixture_reweight-s965-t512-r1,push_rope,mixture_reweight,965,512,16,37.58506630416648,37.07320231941138,-0.5118639847551023,0.9903500154614449,0.9884903356432915,-0.0018596798181533813,0.0012561611365526915,0.001383852562867105,0.00012769142631441355
acwm-autoloop-screen-push_rope-mixture_reweight-s965-t512-r1,push_rope,mixture_reweight,965,512,32,36.32834010227697,35.2730316523718,-1.0553084499051693,0.9887581281363964,0.9838220532983541,-0.004936074838042259,0.001984253292903304,0.0021433974616229534,0.00015914416871964931
acwm-autoloop-screen-push_rope-mixture_reweight-s965-t512-r1,push_rope,mixture_reweight,965,512,48,35.548925331910645,34.36406748733239,-1.1848578445782536,0.987089308599631,0.9813006197412809,-0.005788688858350044,0.0019877292215824127,0.002478709677234292,0.0004909804556518793
acwm-autoloop-screen-push_rope-mixture_reweight-s970-t512-r1,push_rope,mixture_reweight,970,512,16,37.58506630416648,35.926003174121945,-1.6590631300445366,0.9903500154614449,0.9879654422402382,-0.002384573221206665,0.0012561611365526915,0.0022062035277485847,0.0009500423911958933
acwm-autoloop-screen-push_rope-mixture_reweight-s970-t512-r1,push_rope,mixture_reweight,970,512,32,36.32834010227697,34.641881723759,-1.686458378517969,0.9887581281363964,0.98329983279109,-0.0054582953453063965,0.001984253292903304,0.002709739375859499,0.0007254860829561949
acwm-autoloop-screen-push_rope-mixture_reweight-s970-t512-r1,push_rope,mixture_reweight,970,512,48,35.548925331910645,33.79894357050155,-1.7499817614090958,0.987089308599631,0.9802280142903328,-0.00686129430929816,0.0019877292215824127,0.0030262439977377653,0.0010385147761553526
acwm-autoloop-screen-push_rope-motion_region_reweight-s2081-t512-r1,push_rope,motion_region_reweight,2081,512,16,37.58506630416648,36.69122258264101,-0.8938437215254709,0.9903500154614449,0.9879552461206913,-0.0023947693407535553,0.0012561611365526915,0.001540354685857892,0.0002841935493052006
acwm-autoloop-screen-push_rope-motion_region_reweight-s2081-t512-r1,push_rope,motion_region_reweight,2081,512,32,36.32834010227697,34.86086076964261,-1.4674793326343547,0.9887581281363964,0.9832503329962492,-0.005507795140147209,0.001984253292903304,0.0024095987901091576,0.00042534549720585346
acwm-autoloop-screen-push_rope-motion_region_reweight-s2081-t512-r1,push_rope,motion_region_reweight,2081,512,48,35.548925331910645,33.9880503337599,-1.5608749981507444,0.987089308599631,0.9804262394706408,-0.006663069128990173,0.0019877292215824127,0.002825614530593157,0.0008378853090107441
acwm-autoloop-screen-push_rope-motion_region_reweight-s2084-t512-r1,push_rope,motion_region_reweight,2084,512,16,37.58506630416648,37.06441880035204,-0.5206475038144447,0.9903500154614449,0.9879167601466179,-0.0024332553148269653,0.0012561611365526915,0.001719979802146554,0.00046381866559386253
acwm-autoloop-screen-push_rope-motion_region_reweight-s2084-t512-r1,push_rope,motion_region_reweight,2084,512,32,36.32834010227697,35.11991805839643,-1.2084220438805389,0.9887581281363964,0.98304433375597,-0.005713794380426407,0.001984253292903304,0.00254674325697124,0.0005624899640679359
acwm-autoloop-screen-push_rope-motion_region_reweight-s2084-t512-r1,push_rope,motion_region_reweight,2084,512,48,35.548925331910645,33.79436447961742,-1.7545608522932241,0.987089308599631,0.9796487229565779,-0.007440585643053055,0.0019877292215824127,0.002979289274662733,0.0009915600530803204
acwm-autoloop-screen-push_rope-motion_region_reweight-s2087-t512-r1,push_rope,motion_region_reweight,2087,512,16,37.58506630416648,36.13232684541968,-1.452739458746798,0.9903500154614449,0.9883960261940956,-0.001953989267349243,0.0012561611365526915,0.0022218902595341206,0.0009657291229814291
acwm-autoloop-screen-push_rope-motion_region_reweight-s2087-t512-r1,push_rope,motion_region_reweight,2087,512,32,36.32834010227697,34.63012220652525,-1.6982178957517178,0.9887581281363964,0.983544060960412,-0.005214067175984383,0.001984253292903304,0.0029944111593067646,0.0010101578664034605
acwm-autoloop-screen-push_rope-motion_region_reweight-s2087-t512-r1,push_rope,motion_region_reweight,2087,512,48,35.548925331910645,33.77070475099248,-1.7782205809181661,0.987089308599631,0.9804202628632387,-0.006669045736392265,0.0019877292215824127,0.0032378407195210457,0.001250111497938633
acwm-autoloop-screen-push_rope-motion_region_reweight-s2504-t512-r1,push_rope,motion_region_reweight,2504,512,16,37.58506630416648,36.55487356609775,-1.0301927380687346,0.9903500154614449,0.9881679154932499,-0.0021820999681949615,0.0012561611365526915,0.001507153850980103,0.00025099271442741156
acwm-autoloop-screen-push_rope-motion_region_reweight-s2504-t512-r1,push_rope,motion_region_reweight,2504,512,32,36.32834010227697,35.171980551944515,-1.1563595503324535,0.9887581281363964,0.9837426915764809,-0.005015436559915543,0.001984253292903304,0.0022626316640526056,0.00027837837114930153
acwm-autoloop-screen-push_rope-motion_region_reweight-s2504-t512-r1,push_rope,motion_region_reweight,2504,512,48,35.548925331910645,34.23336635162337,-1.3155589802872782,0.987089308599631,0.9801804994543394,-0.006908809145291572,0.0019877292215824127,0.002454868983477354,0.00046713976189494133
acwm-autoloop-screen-push_rope-motion_region_reweight-s2505-t512-r1,push_rope,motion_region_reweight,2505,512,16,37.58506630416648,36.11868620531543,-1.4663800988510545,0.9903500154614449,0.9873443320393562,-0.003005683422088623,0.0012561611365526915,0.0017260239692404866,0.00046986283268779516
acwm-autoloop-screen-push_rope-motion_region_reweight-s2505-t512-r1,push_rope,motion_region_reweight,2505,512,32,36.32834010227697,34.48746715767375,-1.8408729446032197,0.9887581281363964,0.982309615239501,-0.006448512896895409,0.001984253292903304,0.00278424727730453,0.000799993984401226
acwm-autoloop-screen-push_rope-motion_region_reweight-s2505-t512-r1,push_rope,motion_region_reweight,2505,512,48,35.548925331910645,33.59137345214571,-1.9575518797649352,0.987089308599631,0.9791223928332329,-0.007966915766398075,0.0019877292215824127,0.0032084581907838583,0.0012207289692014456
acwm-autoloop-screen-push_rope-motion_region_reweight-s2880-t512-r1,push_rope,motion_region_reweight,2880,512,16,37.58506630416648,36.13500162145514,-1.4500646827113428,0.9903500154614449,0.9887151010334492,-0.0016349144279956818,0.0012561611365526915,0.002163016004487872,0.0009068548679351807
acwm-autoloop-screen-push_rope-motion_region_reweight-s2880-t512-r1,push_rope,motion_region_reweight,2880,512,32,36.32834010227697,33.500334128569676,-2.828005973707292,0.9887581281363964,0.9826037473976612,-0.006154380738735199,0.001984253292903304,0.0045537264086306095,0.0025694731157273054
acwm-autoloop-screen-push_rope-motion_region_reweight-s2880-t512-r1,push_rope,motion_region_reweight,2880,512,48,35.548925331910645,32.634237926753784,-2.9146874051568616,0.987089308599631,0.9798931740224361,-0.007196134577194813,0.0019877292215824127,0.005181591026484966,0.0031938618049025536
acwm-autoloop-screen-push_rope-motion_region_reweight-s2884-t512-r1,push_rope,motion_region_reweight,2884,512,16,37.58506630416648,36.23733628725108,-1.3477300169153992,0.9903500154614449,0.9870999865233898,-0.0032500289380550385,0.0012561611365526915,0.001711496151983738,0.0004553350154310465
acwm-autoloop-screen-push_rope-motion_region_reweight-s2884-t512-r1,push_rope,motion_region_reweight,2884,512,32,36.32834010227697,34.7715297599575,-1.5568103423194657,0.9887581281363964,0.9827920664101839,-0.0059660617262125015,0.001984253292903304,0.0024168582167476416,0.00043260492384433746
acwm-autoloop-screen-push_rope-motion_region_reweight-s2884-t512-r1,push_rope,motion_region_reweight,2884,512,48,35.548925331910645,34.16316378999792,-1.3857615419127285,0.987089308599631,0.9804370664060116,-0.006652242193619373,0.0019877292215824127,0.0026112201157957315,0.0006234908942133188
acwm-autoloop-screen-push_rope-motion_region_reweight-s2897-t512-r1,push_rope,motion_region_reweight,2897,512,16,37.58506630416648,36.66293354468724,-0.9221327594792399,0.9903500154614449,0.9891390949487686,-0.001210920512676239,0.0012561611365526915,0.0017932390328496695,0.000537077896296978
acwm-autoloop-screen-push_rope-motion_region_reweight-s2897-t512-r1,push_rope,motion_region_reweight,2897,512,32,36.32834010227697,35.021781320602024,-1.3065587816749442,0.9887581281363964,0.9847688060253859,-0.0039893221110105515,0.001984253292903304,0.0026277806609869003,0.0006435273680835962
acwm-autoloop-screen-push_rope-motion_region_reweight-s2897-t512-r1,push_rope,motion_region_reweight,2897,512,48,35.548925331910645,33.72015673352882,-1.8287685983818278,0.987089308599631,0.9815818133453528,-0.005507495254278183,0.0019877292215824127,0.003268064931035042,0.001280335709452629
acwm-autoloop-screen-push_rope-motion_region_reweight-s2944-t512-r1,push_rope,motion_region_reweight,2944,512,16,37.58506630416648,36.603423956977096,-0.9816423471893856,0.9903500154614449,0.9884751625359058,-0.0018748529255390167,0.0012561611365526915,0.0015160419279709458,0.0002598807914182544
acwm-autoloop-screen-push_rope-motion_region_reweight-s2944-t512-r1,push_rope,motion_region_reweight,2944,512,32,36.32834010227697,34.98474456749806,-1.3435955347789061,0.9887581281363964,0.9831078387796879,-0.005650289356708527,0.001984253292903304,0.00226072920486331,0.00027647591196000576
acwm-autoloop-screen-push_rope-motion_region_reweight-s2944-t512-r1,push_rope,motion_region_reweight,2944,512,48,35.548925331910645,34.141980253188954,-1.4069450787216908,0.987089308599631,0.9800117276608944,-0.007077580938736561,0.0019877292215824127,0.002472706139087677,0.0004849769175052643
acwm-autoloop-screen-push_rope-motion_region_reweight-s3119-t512-r1,push_rope,motion_region_reweight,3119,512,16,37.58506630416648,36.49979035107501,-1.0852759530914682,0.9903500154614449,0.9883428476750851,-0.002007167786359787,0.0012561611365526915,0.0017428791616111994,0.0004867180250585079
acwm-autoloop-screen-push_rope-motion_region_reweight-s3119-t512-r1,push_rope,motion_region_reweight,3119,512,32,36.32834010227697,34.53357785979872,-1.7947622424782494,0.9887581281363964,0.9837555084377527,-0.005002619698643684,0.001984253292903304,0.002959819743409753,0.0009755664505064487
acwm-autoloop-screen-push_rope-motion_region_reweight-s3119-t512-r1,push_rope,motion_region_reweight,3119,512,48,35.548925331910645,33.47033626253158,-2.0785890693790634,0.987089308599631,0.9805473250647386,-0.006541983534892326,0.0019877292215824127,0.003513660514727235,0.0015259312931448221
acwm-autoloop-screen-push_rope-motion_region_reweight-s3120-t512-r1,push_rope,motion_region_reweight,3120,512,16,37.58506630416648,36.389610604860934,-1.1954556993055476,0.9903500154614449,0.9885894618928432,-0.0017605535686016083,0.0012561611365526915,0.0016273051733151078,0.00037114403676241636
acwm-autoloop-screen-push_rope-motion_region_reweight-s3120-t512-r1,push_rope,motion_region_reweight,3120,512,32,36.32834010227697,34.83369116246129,-1.4946489398156757,0.9887581281363964,0.983506828546524,-0.00525129958987236,0.001984253292903304,0.002342741936445236,0.0003584886435419321
acwm-autoloop-screen-push_rope-motion_region_reweight-s3120-t512-r1,push_rope,motion_region_reweight,3120,512,48,35.548925331910645,34.12049932535426,-1.4284260065563856,0.987089308599631,0.9805234856903553,-0.006565822909275654,0.0019877292215824127,0.0026293196715414524,0.0006415904499590397
acwm-autoloop-screen-push_rope-motion_region_reweight-s3121-t512-r1,push_rope,motion_region_reweight,3121,512,16,37.58506630416648,37.10432942650354,-0.4807368776629417,0.9903500154614449,0.9882164895534515,-0.0021335259079933167,0.0012561611365526915,0.0015414097579196095,0.0002852486213669181
acwm-autoloop-screen-push_rope-motion_region_reweight-s3121-t512-r1,push_rope,motion_region_reweight,3121,512,32,36.32834010227697,35.12735538057277,-1.2009847217041951,0.9887581281363964,0.9834747482091188,-0.005283379927277565,0.001984253292903304,0.0025284511502832174,0.0005441978573799133
acwm-autoloop-screen-push_rope-motion_region_reweight-s3121-t512-r1,push_rope,motion_region_reweight,3121,512,48,35.548925331910645,33.96597662849824,-1.5829487034124057,0.987089308599631,0.980206006517013,-0.006883302082618004,0.0019877292215824127,0.0028374907560646534,0.0008497615344822407
acwm-autoloop-screen-push_rope-motion_region_reweight-s3122-t512-r1,push_rope,motion_region_reweight,3122,512,16,37.58506630416648,37.049217836522146,-0.5358484676443354,0.9903500154614449,0.9884038679301739,-0.0019461475312709808,0.0012561611365526915,0.001386068295687437,0.0001299071591347456
acwm-autoloop-screen-push_rope-motion_region_reweight-s3122-t512-r1,push_rope,motion_region_reweight,3122,512,32,36.32834010227697,34.84956023311025,-1.4787798691667149,0.9887581281363964,0.9828397091478109,-0.005918418988585472,0.001984253292903304,0.0026145821902900934,0.0006303288973867893
acwm-autoloop-screen-push_rope-motion_region_reweight-s3122-t512-r1,push_rope,motion_region_reweight,3122,512,48,35.548925331910645,33.703985625891434,-1.8449397060192112,0.987089308599631,0.9791688347856203,-0.00792047381401062,0.0019877292215824127,0.0029322663322091103,0.0009445371106266975
acwm-autoloop-screen-push_rope-motion_region_reweight-s3123-t512-r1,push_rope,motion_region_reweight,3123,512,16,37.58506630416648,35.63557518186087,-1.9494911223056093,0.9903500154614449,0.9878137111663818,-0.002536304295063019,0.0012561611365526915,0.002527299802750349,0.0012711386661976576
acwm-autoloop-screen-push_rope-motion_region_reweight-s3123-t512-r1,push_rope,motion_region_reweight,3123,512,32,36.32834010227697,34.26015831467586,-2.0681817876011053,0.9887581281363964,0.9822626803070307,-0.00649544782936573,0.001984253292903304,0.003186082700267434,0.00120182940736413
acwm-autoloop-screen-push_rope-motion_region_reweight-s3123-t512-r1,push_rope,motion_region_reweight,3123,512,48,35.548925331910645,33.719470634569255,-1.82945469734139,0.987089308599631,0.9796103114883105,-0.007478997111320496,0.0019877292215824127,0.0031787026673555374,0.0011909734457731247
acwm-autoloop-screen-push_rope-next_forcing-s2858-t512-r1,push_rope,next_forcing,2858,512,16,37.58506630416648,36.29058252194677,-1.2944837822197144,0.9903500154614449,0.9881487227976322,-0.0022012926638126373,0.0012561611365526915,0.001857576658949256,0.0006014155223965645
acwm-autoloop-screen-push_rope-next_forcing-s2858-t512-r1,push_rope,next_forcing,2858,512,32,36.32834010227697,34.775552836508716,-1.5527872657682522,0.9887581281363964,0.9836118798702955,-0.0051462482661008835,0.001984253292903304,0.0025222550611943007,0.0005380017682909966
acwm-autoloop-screen-push_rope-next_forcing-s2858-t512-r1,push_rope,next_forcing,2858,512,48,35.548925331910645,34.081670766265965,-1.46725456564468,0.987089308599631,0.9809308871626854,-0.00615842143694556,0.0019877292215824127,0.0027375887148082256,0.0007498594932258129
acwm-autoloop-screen-push_rope-next_forcing-s2859-t512-r1,push_rope,next_forcing,2859,512,16,37.58506630416648,38.0479417544169,0.4628754502504151,0.9903500154614449,0.9890052936971188,-0.0013447217643260956,0.0012561611365526915,0.001108647440560162,-0.0001475136959925294
acwm-autoloop-screen-push_rope-next_forcing-s2859-t512-r1,push_rope,next_forcing,2859,512,32,36.32834010227697,35.56494845478874,-0.763391647488227,0.9887581281363964,0.9841484483331442,-0.00460967980325222,0.001984253292903304,0.002183333970606327,0.00019908067770302296
acwm-autoloop-screen-push_rope-next_forcing-s2859-t512-r1,push_rope,next_forcing,2859,512,48,35.548925331910645,34.177027497107666,-1.3718978348029793,0.987089308599631,0.9812934013704459,-0.005795907229185104,0.0019877292215824127,0.0027429379988461733,0.0007552087772637606
acwm-autoloop-screen-push_rope-next_forcing-s3067-t512-r1,push_rope,next_forcing,3067,512,16,37.58506630416648,37.503195721047376,-0.08187058311910533,0.9903500154614449,0.9887199439108372,-0.0016300715506076813,0.0012561611365526915,0.0015624156221747398,0.0003062544856220484
acwm-autoloop-screen-push_rope-next_forcing-s3067-t512-r1,push_rope,next_forcing,3067,512,32,36.32834010227697,35.44287856130119,-0.8854615409757756,0.9887581281363964,0.98385189473629,-0.00490623340010643,0.001984253292903304,0.0023410525172948837,0.00035679922439157963
acwm-autoloop-screen-push_rope-next_forcing-s3067-t512-r1,push_rope,next_forcing,3067,512,48,35.548925331910645,34.13256018755056,-1.4163651443600855,0.987089308599631,0.9802995845675468,-0.00678972403208411,0.0019877292215824127,0.0027665027882903814,0.0007787735667079687
acwm-autoloop-screen-push_rope-next_forcing-s3110-t512-r1,push_rope,next_forcing,3110,512,16,37.58506630416648,36.93594099109183,-0.6491253130746486,0.9903500154614449,0.988712839782238,-0.0016371756792068481,0.0012561611365526915,0.001472401199862361,0.0002162400633096695
acwm-autoloop-screen-push_rope-next_forcing-s3110-t512-r1,push_rope,next_forcing,3110,512,32,36.32834010227697,34.95143347575226,-1.3769066265247076,0.9887581281363964,0.9832822512835264,-0.0054758768528699875,0.001984253292903304,0.0023329209070652723,0.00034866761416196823
acwm-autoloop-screen-push_rope-next_forcing-s3110-t512-r1,push_rope,next_forcing,3110,512,48,35.548925331910645,34.223548632028354,-1.3253766998822911,0.987089308599631,0.9808323197066784,-0.006256988892952564,0.0019877292215824127,0.00253660068847239,0.0005488714668899775
acwm-autoloop-screen-push_rope-next_forcing-s811-t512-r1,push_rope,next_forcing,811,512,16,37.58506630416648,36.83739268748783,-0.7476736166786537,0.9903500154614449,0.988686952739954,-0.00166306272149086,0.0012561611365526915,0.0017268240917474031,0.0004706629551947117
acwm-autoloop-screen-push_rope-next_forcing-s811-t512-r1,push_rope,next_forcing,811,512,32,36.32834010227697,35.13152024795492,-1.196819854322051,0.9887581281363964,0.9839099012315273,-0.00484822690486908,0.001984253292903304,0.0023351660929620266,0.0003509128000587225
acwm-autoloop-screen-push_rope-next_forcing-s811-t512-r1,push_rope,next_forcing,811,512,48,35.548925331910645,34.258104552967744,-1.2908207789429014,0.987089308599631,0.9813082541028658,-0.005781054496765137,0.0019877292215824127,0.0025906735099852085,0.0006029442884027958
acwm-autoloop-screen-push_rope-next_forcing-s975-t512-r1,push_rope,next_forcing,975,512,16,37.58506630416648,37.14081328723148,-0.44425301693500074,0.9903500154614449,0.9886473380029202,-0.001702677458524704,0.0012561611365526915,0.001401675632223487,0.00014551449567079544
acwm-autoloop-screen-push_rope-next_forcing-s975-t512-r1,push_rope,next_forcing,975,512,32,36.32834010227697,35.147598211844326,-1.1807418904326425,0.9887581281363964,0.9837513733655214,-0.005006754770874977,0.001984253292903304,0.002268899464979768,0.0002846461720764637
acwm-autoloop-screen-push_rope-next_forcing-s975-t512-r1,push_rope,next_forcing,975,512,48,35.548925331910645,33.893550064930174,-1.6553752669804709,0.987089308599631,0.980875470985969,-0.00621383761366201,0.0019877292215824127,0.003023061901330948,0.0010353326797485352
acwm-autoloop-screen-push_rope-next_forcing-s979-t512-r1,push_rope,next_forcing,979,512,16,37.58506630416648,37.24631491590817,-0.3387513882583093,0.9903500154614449,0.989671353250742,-0.0006786622107028961,0.0012561611365526915,0.0014148798072710633,0.00015871867071837187
acwm-autoloop-screen-push_rope-next_forcing-s979-t512-r1,push_rope,next_forcing,979,512,32,36.32834010227697,35.181106725652455,-1.1472333766245129,0.9887581281363964,0.984441613778472,-0.004316514357924461,0.001984253292903304,0.00242993189021945,0.0004456785973161459
acwm-autoloop-screen-push_rope-next_forcing-s979-t512-r1,push_rope,next_forcing,979,512,48,35.548925331910645,34.01132151132791,-1.5376038205827385,0.987089308599631,0.9814958423376083,-0.005593466262022617,0.0019877292215824127,0.0030314798932522535,0.0010437506716698408
acwm-autoloop-screen-push_rope-self_forcing_finetune-s2839-t512-r1,push_rope,self_forcing_finetune,2839,512,16,37.58506630416648,37.83213575204557,0.2470694478790918,0.9903500154614449,0.9901788309216499,-0.00017118453979492188,0.0012561611365526915,0.0012747177388519049,1.855660229921341e-05
acwm-autoloop-screen-push_rope-self_forcing_finetune-s2839-t512-r1,push_rope,self_forcing_finetune,2839,512,32,36.32834010227697,34.641131307319135,-1.687208794957833,0.9887581281363964,0.9841825142502785,-0.004575613886117935,0.001984253292903304,0.0030262453947216272,0.0010419921018183231
acwm-autoloop-screen-push_rope-self_forcing_finetune-s2839-t512-r1,push_rope,self_forcing_finetune,2839,512,48,35.548925331910645,33.495203194117764,-2.0537221377928816,0.987089308599631,0.981316781292359,-0.005772527307271957,0.0019877292215824127,0.0035169310867786407,0.001529201865196228
acwm-autoloop-screen-push_rope-self_forcing_finetune-s2841-t512-r1,push_rope,self_forcing_finetune,2841,512,16,37.58506630416648,37.65652162352395,0.07145531935746874,0.9903500154614449,0.9899452440440655,-0.00040477141737937927,0.0012561611365526915,0.0013291689101606607,7.300777360796928e-05
acwm-autoloop-screen-push_rope-self_forcing_finetune-s2841-t512-r1,push_rope,self_forcing_finetune,2841,512,32,36.32834010227697,34.658366878073814,-1.6699732242031544,0.9887581281363964,0.984015328809619,-0.004742799326777458,0.001984253292903304,0.0029728624504059553,0.0009886091575026512
acwm-autoloop-screen-push_rope-self_forcing_finetune-s2841-t512-r1,push_rope,self_forcing_finetune,2841,512,48,35.548925331910645,33.64194131599255,-1.9069840159180984,0.987089308599631,0.9811503166953722,-0.005938991904258728,0.0019877292215824127,0.003391056787222624,0.001403327565640211
acwm-autoloop-screen-push_rope-self_forcing_finetune-s3007-t512-r1,push_rope,self_forcing_finetune,3007,512,16,37.58506630416648,36.97596706261766,-0.6090992415488188,0.9903500154614449,0.988763727247715,-0.0015862882137298584,0.0012561611365526915,0.001586667262017727,0.00033050612546503544
acwm-autoloop-screen-push_rope-self_forcing_finetune-s3007-t512-r1,push_rope,self_forcing_finetune,3007,512,32,36.32834010227697,35.645306309196506,-0.6830337930804617,0.9887581281363964,0.9853768609464169,-0.0033812671899795532,0.001984253292903304,0.0021909570787101984,0.0002067037858068943
acwm-autoloop-screen-push_rope-self_forcing_finetune-s3007-t512-r1,push_rope,self_forcing_finetune,3007,512,48,35.548925331910645,34.603489185244065,-0.9454361466665802,0.987089308599631,0.9828289647897085,-0.004260343809922462,0.0019877292215824127,0.002392699010670185,0.00040496978908777237
acwm-autoloop-screen-push_rope-self_forcing_finetune-s3043-t512-r1,push_rope,self_forcing_finetune,3043,512,16,37.58506630416648,37.48370184904385,-0.10136445512263492,0.9903500154614449,0.9896424859762192,-0.0007075294852256775,0.0012561611365526915,0.0013681347481906414,0.00011197361163794994
acwm-autoloop-screen-push_rope-self_forcing_finetune-s3043-t512-r1,push_rope,self_forcing_finetune,3043,512,32,36.32834010227697,35.34173430100255,-0.9866058012744148,0.9887581281363964,0.9841823987662792,-0.0045757293701171875,0.001984253292903304,0.0023337986785918474,0.0003495453856885433
acwm-autoloop-screen-push_rope-self_forcing_finetune-s3043-t512-r1,push_rope,self_forcing_finetune,3043,512,48,35.548925331910645,34.22173997309369,-1.3271853588169549,0.987089308599631,0.9809189774096012,-0.006170331190029743,0.0019877292215824127,0.002588738454505801,0.0006010092329233885
acwm-autoloop-screen-push_rope-self_forcing_finetune-s3045-t512-r1,push_rope,self_forcing_finetune,3045,512,16,37.58506630416648,38.142378652581435,0.5573123484149534,0.9903500154614449,0.9904694631695747,0.00011944770812988281,0.0012561611365526915,0.0011781296925619245,-7.8031443990767e-05
acwm-autoloop-screen-push_rope-self_forcing_finetune-s3045-t512-r1,push_rope,self_forcing_finetune,3045,512,32,36.32834010227697,35.567449288832826,-0.7608908134441421,0.9887581281363964,0.9851134549826384,-0.003644673153758049,0.001984253292903304,0.0021895947866141796,0.0002053414937108755
acwm-autoloop-screen-push_rope-self_forcing_finetune-s3045-t512-r1,push_rope,self_forcing_finetune,3045,512,48,35.548925331910645,34.36665422483742,-1.1822711070732268,0.987089308599631,0.9823720566928387,-0.004717251906792286,0.0019877292215824127,0.002608703915029764,0.0006209746934473515
acwm-autoloop-screen-push_rope-self_forcing_finetune-s874-t512-r1,push_rope,self_forcing_finetune,874,512,16,37.58506630416648,38.38850105019092,0.8034347460244362,0.9903500154614449,0.9904303923249245,8.037686347961426e-05,0.0012561611365526915,0.0011257447768002748,-0.0001304163597524166
acwm-autoloop-screen-push_rope-self_forcing_finetune-s874-t512-r1,push_rope,self_forcing_finetune,874,512,32,36.32834010227697,35.620527239585975,-0.707812862690993,0.9887581281363964,0.984748600050807,-0.004009528085589409,0.001984253292903304,0.0021191241685301065,0.00013487087562680244
acwm-autoloop-screen-push_rope-self_forcing_finetune-s874-t512-r1,push_rope,self_forcing_finetune,874,512,48,35.548925331910645,34.376590697463485,-1.1723346344471608,0.987089308599631,0.9818350573380789,-0.005254251261552101,0.0019877292215824127,0.0024118409492075443,0.0004241117276251316
acwm-autoloop-screen-push_rope-self_forcing_finetune-s982-t512-r1,push_rope,self_forcing_finetune,982,512,16,37.58506630416648,36.75672781039394,-0.8283384937725415,0.9903500154614449,0.9889633655548096,-0.0013866499066352844,0.0012561611365526915,0.0017996237147599459,0.0005434625782072544
acwm-autoloop-screen-push_rope-self_forcing_finetune-s982-t512-r1,push_rope,self_forcing_finetune,982,512,32,36.32834010227697,35.02442899441258,-1.303911107864387,0.9887581281363964,0.9833423066884279,-0.005415821447968483,0.001984253292903304,0.0026239820290356874,0.0006397287361323833
acwm-autoloop-screen-push_rope-self_forcing_finetune-s982-t512-r1,push_rope,self_forcing_finetune,982,512,48,35.548925331910645,34.165085735156005,-1.3838395967546404,0.987089308599631,0.9800286553800106,-0.00706065321962035,0.0019877292215824127,0.0027185671497136354,0.0007308379281312227
acwm-autoloop-screen-push_rope-self_forcing_finetune-s985-t512-r1,push_rope,self_forcing_finetune,985,512,16,37.58506630416648,37.38689979609777,-0.1981665080687094,0.9903500154614449,0.9896635673940182,-0.0006864480674266815,0.0012561611365526915,0.001425227615982294,0.00016906647942960262
acwm-autoloop-screen-push_rope-self_forcing_finetune-s985-t512-r1,push_rope,self_forcing_finetune,985,512,32,36.32834010227697,35.31738295755464,-1.010957144722326,0.9887581281363964,0.9845182057470083,-0.004239922389388084,0.001984253292903304,0.0021391420159488916,0.00015488872304558754
acwm-autoloop-screen-push_rope-self_forcing_finetune-s985-t512-r1,push_rope,self_forcing_finetune,985,512,48,35.548925331910645,34.341437706265864,-1.2074876256447808,0.987089308599631,0.982028233508269,-0.0050610750913619995,0.0019877292215824127,0.002468302845954895,0.0004805736243724823
acwm-autoloop-screen-push_rope-wmsd_self_distill-s2056-t512-r1,push_rope,wmsd_self_distill,2056,512,16,37.58506630416648,37.33974934821751,-0.2453169559489723,0.9903500154614449,0.9891169182956219,-0.0012330971658229828,0.0012561611365526915,0.0014359514461830258,0.00017979030963033438
acwm-autoloop-screen-push_rope-wmsd_self_distill-s2056-t512-r1,push_rope,wmsd_self_distill,2056,512,32,36.32834010227697,34.93641329229767,-1.3919268099792959,0.9887581281363964,0.9835482724010944,-0.0052098557353019714,0.001984253292903304,0.002705223625525832,0.0007209703326225281
acwm-autoloop-screen-push_rope-wmsd_self_distill-s2056-t512-r1,push_rope,wmsd_self_distill,2056,512,48,35.548925331910645,33.841528327147415,-1.70739700476323,0.987089308599631,0.9805729116002718,-0.006516396999359131,0.0019877292215824127,0.0032768528908491135,0.0012891236692667007
acwm-autoloop-screen-push_rope-wmsd_self_distill-s2078-t512-r1,push_rope,wmsd_self_distill,2078,512,16,37.58506630416648,36.80585688675092,-0.779209417415565,0.9903500154614449,0.9884242117404938,-0.0019258037209510803,0.0012561611365526915,0.0019103757804259658,0.0006542146438732743
acwm-autoloop-screen-push_rope-wmsd_self_distill-s2078-t512-r1,push_rope,wmsd_self_distill,2078,512,32,36.32834010227697,34.5362794432232,-1.7920606590537673,0.9887581281363964,0.9836802203208208,-0.0050779078155756,0.001984253292903304,0.0034369456116110086,0.0014526923187077045
acwm-autoloop-screen-push_rope-wmsd_self_distill-s2078-t512-r1,push_rope,wmsd_self_distill,2078,512,48,35.548925331910645,33.42160268482174,-2.127322647088903,0.987089308599631,0.9800061558683714,-0.00708315273125959,0.0019877292215824127,0.00373744941316545,0.0017497201915830374
acwm-autoloop-screen-push_rope-wmsd_self_distill-s2851-t512-r1,push_rope,wmsd_self_distill,2851,512,16,37.58506630416648,37.148004749510676,-0.43706155465580565,0.9903500154614449,0.9884187132120132,-0.00193130224943161,0.0012561611365526915,0.001479081460274756,0.0002229203237220645
acwm-autoloop-screen-push_rope-wmsd_self_distill-s2851-t512-r1,push_rope,wmsd_self_distill,2851,512,32,36.32834010227697,35.56735819167389,-0.7609819106030784,0.9887581281363964,0.9847592785954475,-0.003998849540948868,0.001984253292903304,0.0021929945796728134,0.00020874128676950932
acwm-autoloop-screen-push_rope-wmsd_self_distill-s2851-t512-r1,push_rope,wmsd_self_distill,2851,512,48,35.548925331910645,34.49359773302733,-1.0553275988833164,0.987089308599631,0.9826218113303185,-0.004467497269312504,0.0019877292215824127,0.002704918384552002,0.0007171891629695892
acwm-autoloop-screen-push_rope-wmsd_self_distill-s2872-t512-r1,push_rope,wmsd_self_distill,2872,512,16,37.58506630416648,36.92443806040987,-0.6606282437566122,0.9903500154614449,0.9882677458226681,-0.002082269638776779,0.0012561611365526915,0.001704666530713439,0.00044850539416074753
acwm-autoloop-screen-push_rope-wmsd_self_distill-s2872-t512-r1,push_rope,wmsd_self_distill,2872,512,32,36.32834010227697,35.24281898540225,-1.085521116874716,0.9887581281363964,0.9840318858623505,-0.004726242274045944,0.001984253292903304,0.002406666986644268,0.00042241369374096394
acwm-autoloop-screen-push_rope-wmsd_self_distill-s2872-t512-r1,push_rope,wmsd_self_distill,2872,512,48,35.548925331910645,34.16170665933133,-1.3872186725793156,0.987089308599631,0.9811991142729918,-0.005890194326639175,0.0019877292215824127,0.002819470828399062,0.0008317416068166494
acwm-autoloop-screen-push_rope-wmsd_self_distill-s3065-t512-r1,push_rope,wmsd_self_distill,3065,512,16,37.58506630416648,37.75524790136069,0.17018159719420822,0.9903500154614449,0.9891076274216175,-0.0012423880398273468,0.0012561611365526915,0.0012207869440317154,-3.5374192520976067e-05
acwm-autoloop-screen-push_rope-wmsd_self_distill-s3065-t512-r1,push_rope,wmsd_self_distill,3065,512,32,36.32834010227697,35.586831237219904,-0.7415088650570638,0.9887581281363964,0.9840980060398579,-0.004660122096538544,0.001984253292903304,0.0020677850116044283,8.353171870112419e-05
acwm-autoloop-screen-push_rope-wmsd_self_distill-s3065-t512-r1,push_rope,wmsd_self_distill,3065,512,48,35.548925331910645,34.261138018692904,-1.2877873132177413,0.987089308599631,0.9810332792500654,-0.006056029349565506,0.0019877292215824127,0.002366334432736039,0.00037860521115362644
acwm-autoloop-screen-push_rope-wmsd_self_distill-s3109-t512-r1,push_rope,wmsd_self_distill,3109,512,16,37.58506630416648,36.93484970245461,-0.6502166017118682,0.9903500154614449,0.9879660420119762,-0.0023839734494686127,0.0012561611365526915,0.001490315655246377,0.00023415451869368553
acwm-autoloop-screen-push_rope-wmsd_self_distill-s3109-t512-r1,push_rope,wmsd_self_distill,3109,512,32,36.32834010227697,34.930323286400835,-1.398016815876133,0.9887581281363964,0.9827278926968575,-0.006030235439538956,0.001984253292903304,0.002460487186908722,0.0004762338940054178
acwm-autoloop-screen-push_rope-wmsd_self_distill-s3109-t512-r1,push_rope,wmsd_self_distill,3109,512,48,35.548925331910645,33.80513031000292,-1.7437950219077223,0.987089308599631,0.9803160267571608,-0.006773281842470169,0.0019877292215824127,0.002871048403903842,0.0008833191823214293
acwm-autoloop-screen-push_sand-action_contrastive_finetune-s2878-t512-r1,push_sand,action_contrastive_finetune,2878,512,16,34.65184742379522,32.766488982561114,-1.8853584412341036,0.9780501648783684,0.9753820523619652,-0.0026681125164031982,0.005321952048689127,0.008983943611383438,0.003661991562694311
acwm-autoloop-screen-push_sand-action_contrastive_finetune-s2878-t512-r1,push_sand,action_contrastive_finetune,2878,512,32,34.3435590998985,32.26524826923398,-2.0783108306645204,0.9756923466920853,0.9712975453585386,-0.0043948013335466385,0.004495539702475071,0.007760962471365929,0.0032654227688908577
acwm-autoloop-screen-push_sand-action_contrastive_finetune-s2878-t512-r1,push_sand,action_contrastive_finetune,2878,512,48,33.2161603004828,30.8361001356406,-2.380060164842199,0.9718611923356851,0.9656465947628021,-0.006214597572883007,0.004399326629936695,0.008083614520728588,0.003684287890791893
acwm-autoloop-screen-push_sand-action_contrastive_finetune-s2906-t512-r1,push_sand,action_contrastive_finetune,2906,512,16,34.65184742379522,33.331715606375866,-1.3201318174193517,0.9780501648783684,0.9758220463991165,-0.0022281184792518616,0.005321952048689127,0.007765740621834993,0.0024437885731458664
acwm-autoloop-screen-push_sand-action_contrastive_finetune-s2906-t512-r1,push_sand,action_contrastive_finetune,2906,512,32,34.3435590998985,32.4618721596257,-1.8816869402728003,0.9756923466920853,0.9716660305857658,-0.0040263161063194275,0.004495539702475071,0.00752351526170969,0.003027975559234619
acwm-autoloop-screen-push_sand-action_contrastive_finetune-s2906-t512-r1,push_sand,action_contrastive_finetune,2906,512,48,33.2161603004828,31.01175774402947,-2.204402556453328,0.9718611923356851,0.9659789217015108,-0.005882270634174347,0.004399326629936695,0.00780465779826045,0.0034053311683237553
acwm-autoloop-screen-push_sand-action_contrastive_finetune-s3106-t512-r1,push_sand,action_contrastive_finetune,3106,512,16,34.65184742379522,33.367820835964736,-1.284026587830482,0.9780501648783684,0.9759893007576466,-0.002060864120721817,0.005321952048689127,0.007743426598608494,0.002421474549919367
acwm-autoloop-screen-push_sand-action_contrastive_finetune-s3106-t512-r1,push_sand,action_contrastive_finetune,3106,512,32,34.3435590998985,32.83158106183701,-1.5119780380614927,0.9756923466920853,0.9726419821381569,-0.0030503645539283752,0.004495539702475071,0.006821836344897747,0.002326296642422676
acwm-autoloop-screen-push_sand-action_contrastive_finetune-s3106-t512-r1,push_sand,action_contrastive_finetune,3106,512,48,33.2161603004828,31.542243772301344,-1.6739165281814543,0.9718611923356851,0.9671370834112167,-0.004724108924468395,0.004399326629936695,0.006785424426198006,0.0023860977962613106
acwm-autoloop-screen-push_sand-action_dimension_balancing-s2879-t512-r1,push_sand,action_dimension_balancing,2879,512,16,34.65184742379522,30.116651049637937,-4.53519637415728,0.9780501648783684,0.9721523486077785,-0.0058978162705898285,0.005321952048689127,0.017673639580607414,0.012351687531918287
acwm-autoloop-screen-push_sand-action_dimension_balancing-s2879-t512-r1,push_sand,action_dimension_balancing,2879,512,32,34.3435590998985,30.03621330191703,-4.307345797981469,0.9756923466920853,0.9683959893882275,-0.007296357303857803,0.004495539702475071,0.013533344492316246,0.009037804789841175
acwm-autoloop-screen-push_sand-action_dimension_balancing-s2879-t512-r1,push_sand,action_dimension_balancing,2879,512,48,33.2161603004828,28.208277710818237,-5.007882589664561,0.9718611923356851,0.9604904688894749,-0.011370723446210262,0.004399326629936695,0.015417621470987797,0.011018294841051102
acwm-autoloop-screen-push_sand-action_dimension_balancing-s2941-t512-r1,push_sand,action_dimension_balancing,2941,512,16,34.65184742379522,29.969380082632455,-4.682467341162763,0.9780501648783684,0.9713311903178692,-0.006718974560499191,0.005321952048689127,0.018688304349780083,0.013366352301090956
acwm-autoloop-screen-push_sand-action_dimension_balancing-s2941-t512-r1,push_sand,action_dimension_balancing,2941,512,32,34.3435590998985,30.612242274647613,-3.731316825250886,0.9756923466920853,0.9692558962851763,-0.006436450406908989,0.004495539702475071,0.011440965346992016,0.006945425644516945
acwm-autoloop-screen-push_sand-action_dimension_balancing-s2941-t512-r1,push_sand,action_dimension_balancing,2941,512,48,33.2161603004828,29.342677249064153,-3.8734830514186456,0.9718611923356851,0.9625797060628732,-0.00928148627281189,0.004399326629936695,0.011538391001522541,0.007139064371585846
acwm-autoloop-screen-push_sand-cfg_guidance_schedule-s915-t512-r1,push_sand,cfg_guidance_schedule,915,512,16,34.65184742379522,32.0439156449605,-2.6079317788347183,0.9780501648783684,0.9743283540010452,-0.0037218108773231506,0.005321952048689127,0.011051979847252369,0.005730027798563242
acwm-autoloop-screen-push_sand-cfg_guidance_schedule-s915-t512-r1,push_sand,cfg_guidance_schedule,915,512,32,34.3435590998985,32.452602745686235,-1.890956354212264,0.9756923466920853,0.9722268525511026,-0.003465494140982628,0.004495539702475071,0.007575114723294973,0.0030795750208199024
acwm-autoloop-screen-push_sand-cfg_guidance_schedule-s915-t512-r1,push_sand,cfg_guidance_schedule,915,512,48,33.2161603004828,32.04800120362939,-1.1681590968534081,0.9718611923356851,0.9686213433742523,-0.003239848961432812,0.004399326629936695,0.005972342099994421,0.001573015470057726
acwm-autoloop-screen-push_sand-dino_rep_injection-s2886-t512-r1,push_sand,dino_rep_injection,2886,512,16,34.65184742379522,31.818906111887188,-2.83294131190803,0.9780501648783684,0.9741324409842491,-0.003917723894119263,0.005321952048689127,0.011375667527318,0.006053715478628874
acwm-autoloop-screen-push_sand-dino_rep_injection-s2886-t512-r1,push_sand,dino_rep_injection,2886,512,32,34.3435590998985,31.329661046536835,-3.0138980533616646,0.9756923466920853,0.969973849132657,-0.005718497559428215,0.004495539702475071,0.010066842660307884,0.005571302957832813
acwm-autoloop-screen-push_sand-dino_rep_injection-s2886-t512-r1,push_sand,dino_rep_injection,2886,512,48,33.2161603004828,30.003122450575045,-3.213037849907753,0.9718611923356851,0.9639768848816553,-0.007884307454029793,0.004399326629936695,0.009989193640649319,0.005589867010712624
acwm-autoloop-screen-push_sand-dino_rep_injection-s3062-t512-r1,push_sand,dino_rep_injection,3062,512,16,34.65184742379522,32.27665301903051,-2.375194404764706,0.9780501648783684,0.975360956043005,-0.002689208835363388,0.005321952048689127,0.010273697786033154,0.0049517457373440266
acwm-autoloop-screen-push_sand-dino_rep_injection-s3062-t512-r1,push_sand,dino_rep_injection,3062,512,32,34.3435590998985,31.65558046487069,-2.6879786350278074,0.9756923466920853,0.9712855536490679,-0.004406793043017387,0.004495539702475071,0.009169070050120354,0.004673530347645283
acwm-autoloop-screen-push_sand-dino_rep_injection-s3062-t512-r1,push_sand,dino_rep_injection,3062,512,48,33.2161603004828,29.952106383002423,-3.264053917480375,0.9718611923356851,0.9644907762606939,-0.007370416074991226,0.004399326629936695,0.01009767409414053,0.0056983474642038345
acwm-autoloop-screen-push_sand-dino_rep_injection-s918-t512-r1,push_sand,dino_rep_injection,918,512,16,34.65184742379522,33.20367969536885,-1.4481677284263696,0.9780501648783684,0.9759798534214497,-0.0020703114569187164,0.005321952048689127,0.008048680610954762,0.0027267285622656345
acwm-autoloop-screen-push_sand-dino_rep_injection-s918-t512-r1,push_sand,dino_rep_injection,918,512,32,34.3435590998985,32.76525787029443,-1.5783012296040724,0.9756923466920853,0.9723522383719683,-0.0033401083201169968,0.004495539702475071,0.006975797936320305,0.002480258233845234
acwm-autoloop-screen-push_sand-dino_rep_injection-s918-t512-r1,push_sand,dino_rep_injection,918,512,48,33.2161603004828,31.67887046117044,-1.5372898393123577,0.9718611923356851,0.9673795315126578,-0.004481660823027367,0.004399326629936695,0.00650388840585947,0.0021045617759227753
acwm-autoloop-screen-push_sand-inv_dyn_reward_finetune-s2881-t512-r1,push_sand,inv_dyn_reward_finetune,2881,512,16,34.65184742379522,34.12283226374777,-0.5290151600474502,0.9780501648783684,0.9775973483920097,-0.0004528164863586426,0.005321952048689127,0.006301904562860727,0.0009799525141716003
acwm-autoloop-screen-push_sand-inv_dyn_reward_finetune-s2881-t512-r1,push_sand,inv_dyn_reward_finetune,2881,512,32,34.3435590998985,33.652945326710864,-0.6906137731876356,0.9756923466920853,0.9740986507385969,-0.00159369595348835,0.004495539702475071,0.005494973156601191,0.0009994334541261196
acwm-autoloop-screen-push_sand-inv_dyn_reward_finetune-s2881-t512-r1,push_sand,inv_dyn_reward_finetune,2881,512,48,33.2161603004828,31.419693045452952,-1.796467255029846,0.9718611923356851,0.9673628198603789,-0.004498372475306267,0.004399326629936695,0.006971701513975859,0.0025723748840391636
acwm-autoloop-screen-push_sand-inv_dyn_reward_finetune-s3044-t512-r1,push_sand,inv_dyn_reward_finetune,3044,512,16,34.65184742379522,33.31958866636748,-1.3322587574277378,0.9780501648783684,0.9765810891985893,-0.0014690756797790527,0.005321952048689127,0.00773805333301425,0.002416101284325123
acwm-autoloop-screen-push_sand-inv_dyn_reward_finetune-s3044-t512-r1,push_sand,inv_dyn_reward_finetune,3044,512,32,34.3435590998985,32.02608184392291,-2.3174772559755894,0.9756923466920853,0.9716939069330692,-0.003998439759016037,0.004495539702475071,0.008593449369072914,0.004097909666597843
acwm-autoloop-screen-push_sand-inv_dyn_reward_finetune-s3044-t512-r1,push_sand,inv_dyn_reward_finetune,3044,512,48,33.2161603004828,30.171432521190766,-3.0447277792920318,0.9718611923356851,0.9650210837523142,-0.0068401085833709185,0.004399326629936695,0.00969350803643465,0.005294181406497955
acwm-autoloop-screen-push_sand-inv_dyn_reward_finetune-s3045-t512-r1,push_sand,inv_dyn_reward_finetune,3045,512,16,34.65184742379522,33.95817566107107,-0.6936717627241507,0.9780501648783684,0.9772220924496651,-0.0008280724287033081,0.005321952048689127,0.00640479801222682,0.001082845963537693
acwm-autoloop-screen-push_sand-inv_dyn_reward_finetune-s3045-t512-r1,push_sand,inv_dyn_reward_finetune,3045,512,32,34.3435590998985,33.43078543985818,-0.9127736600403225,0.9756923466920853,0.9739388842135668,-0.001753462478518486,0.004495539702475071,0.005744005553424358,0.0012484658509492874
acwm-autoloop-screen-push_sand-inv_dyn_reward_finetune-s3045-t512-r1,push_sand,inv_dyn_reward_finetune,3045,512,48,33.2161603004828,31.58385823307446,-1.6323020674083395,0.9718611923356851,0.9677880642314752,-0.0040731281042099,0.004399326629936695,0.006640416570007801,0.002241089940071106
acwm-autoloop-screen-push_sand-mixture_reweight-s3047-t512-r1,push_sand,mixture_reweight,3047,512,16,34.65184742379522,33.20166115234019,-1.4501862714550242,0.9780501648783684,0.9760374911129475,-0.0020126737654209137,0.005321952048689127,0.00824784953147173,0.0029258974827826023
acwm-autoloop-screen-push_sand-mixture_reweight-s3047-t512-r1,push_sand,mixture_reweight,3047,512,32,34.3435590998985,32.02559900161309,-2.317960098285411,0.9756923466920853,0.971320241689682,-0.004372105002403259,0.004495539702475071,0.008575222454965115,0.004079682752490044
acwm-autoloop-screen-push_sand-mixture_reweight-s3047-t512-r1,push_sand,mixture_reweight,3047,512,48,33.2161603004828,30.95623390687003,-2.259926393612769,0.9718611923356851,0.9660566163559755,-0.005804575979709625,0.004399326629936695,0.007966575212776661,0.003567248582839966
acwm-autoloop-screen-push_sand-mixture_reweight-s3049-t512-r1,push_sand,mixture_reweight,3049,512,16,34.65184742379522,31.262296291544445,-3.389551132250773,0.9780501648783684,0.9735029116272926,-0.004547253251075745,0.005321952048689127,0.013010524213314056,0.007688572164624929
acwm-autoloop-screen-push_sand-mixture_reweight-s3049-t512-r1,push_sand,mixture_reweight,3049,512,32,34.3435590998985,30.840449761389515,-3.5031093385089846,0.9756923466920853,0.9693233724683523,-0.006368974223732948,0.004495539702475071,0.011202171444892883,0.006706631742417812
acwm-autoloop-screen-push_sand-mixture_reweight-s3049-t512-r1,push_sand,mixture_reweight,3049,512,48,33.2161603004828,30.083735100152,-3.132425200330797,0.9718611923356851,0.9644576807816824,-0.007403511554002762,0.004399326629936695,0.009871439076960087,0.005472112447023392
acwm-autoloop-screen-push_sand-mixture_reweight-s801-t512-r1,push_sand,mixture_reweight,801,512,16,34.65184742379522,35.28025387494327,0.6284064511480523,0.9780501648783684,0.9788750931620598,0.0008249282836914062,0.005321952048689127,0.0043752542696893215,-0.0009466977789998055
acwm-autoloop-screen-push_sand-mixture_reweight-s801-t512-r1,push_sand,mixture_reweight,801,512,32,34.3435590998985,34.402805177185854,0.05924607728735509,0.9756923466920853,0.9754532501101494,-0.00023909658193588257,0.004495539702475071,0.004392202477902174,-0.00010333722457289696
acwm-autoloop-screen-push_sand-mixture_reweight-s801-t512-r1,push_sand,mixture_reweight,801,512,48,33.2161603004828,32.053746921030296,-1.1624133794525022,0.9718611923356851,0.9689692867298921,-0.0028919056057929993,0.004399326629936695,0.005913200322538614,0.0015138736926019192
acwm-autoloop-screen-push_sand-mixture_reweight-s972-t512-r1,push_sand,mixture_reweight,972,512,16,34.65184742379522,32.937528763355,-1.7143186604402203,0.9780501648783684,0.9754937067627907,-0.0025564581155776978,0.005321952048689127,0.008593742735683918,0.003271790686994791
acwm-autoloop-screen-push_sand-mixture_reweight-s972-t512-r1,push_sand,mixture_reweight,972,512,32,34.3435590998985,32.42785842095188,-1.9157006789466209,0.9756923466920853,0.9722411911934614,-0.003451155498623848,0.004495539702475071,0.007424472831189632,0.0029289331287145615
acwm-autoloop-screen-push_sand-mixture_reweight-s972-t512-r1,push_sand,mixture_reweight,972,512,48,33.2161603004828,30.985420890656528,-2.2307394098262705,0.9718611923356851,0.9663552989562353,-0.005505893379449844,0.004399326629936695,0.007817217148840427,0.0034178905189037323
acwm-autoloop-screen-push_sand-motion_region_reweight-s2876-t512-r1,push_sand,motion_region_reweight,2876,512,16,34.65184742379522,31.56515663527977,-3.0866907885154475,0.9780501648783684,0.973700013011694,-0.004350151866674423,0.005321952048689127,0.012295013293623924,0.006973061244934797
acwm-autoloop-screen-push_sand-motion_region_reweight-s2876-t512-r1,push_sand,motion_region_reweight,2876,512,32,34.3435590998985,30.985451022913306,-3.358108076985193,0.9756923466920853,0.9693901762366295,-0.00630217045545578,0.004495539702475071,0.011037886142730713,0.006542346440255642
acwm-autoloop-screen-push_sand-motion_region_reweight-s2876-t512-r1,push_sand,motion_region_reweight,2876,512,48,33.2161603004828,30.06810866911014,-3.1480516313726596,0.9718611923356851,0.9641262367367744,-0.007734955598910687,0.004399326629936695,0.00982728973031044,0.005427963100373745
acwm-autoloop-screen-push_sand-motion_region_reweight-s2896-t512-r1,push_sand,motion_region_reweight,2896,512,16,34.65184742379522,32.006691525653295,-2.6451558981419225,0.9780501648783684,0.9746461659669876,-0.003403998911380768,0.005321952048689127,0.010935274884104729,0.005613322835415602
acwm-autoloop-screen-push_sand-motion_region_reweight-s2896-t512-r1,push_sand,motion_region_reweight,2896,512,32,34.3435590998985,31.766733371505783,-2.5768257283927163,0.9756923466920853,0.9710816014558077,-0.00461074523627758,0.004495539702475071,0.008940966799855232,0.004445427097380161
acwm-autoloop-screen-push_sand-motion_region_reweight-s2896-t512-r1,push_sand,motion_region_reweight,2896,512,48,33.2161603004828,30.128255299498928,-3.08790500098387,0.9718611923356851,0.964603832612435,-0.007257359723250145,0.004399326629936695,0.009699322283267975,0.00529999565333128
acwm-autoloop-screen-push_sand-motion_region_reweight-s3066-t512-r1,push_sand,motion_region_reweight,3066,512,16,34.65184742379522,32.92218990748008,-1.729657516315136,0.9780501648783684,0.9759337082505226,-0.002116456627845764,0.005321952048689127,0.008405803702771664,0.0030838516540825367
acwm-autoloop-screen-push_sand-motion_region_reweight-s3066-t512-r1,push_sand,motion_region_reweight,3066,512,32,34.3435590998985,31.989220631860043,-2.3543384680384563,0.9756923466920853,0.9714792370796204,-0.004213109612464905,0.004495539702475071,0.0084377471357584,0.003942207433283329
acwm-autoloop-screen-push_sand-motion_region_reweight-s3066-t512-r1,push_sand,motion_region_reweight,3066,512,48,33.2161603004828,30.71443626330332,-2.5017240371794784,0.9718611923356851,0.9657156032820543,-0.006145589053630829,0.004399326629936695,0.008294631727039814,0.003895305097103119
acwm-autoloop-screen-push_sand-next_forcing-s2875-t512-r1,push_sand,next_forcing,2875,512,16,34.65184742379522,33.46667697794737,-1.1851704458478451,0.9780501648783684,0.9768237806856632,-0.0012263841927051544,0.005321952048689127,0.007575261872261763,0.0022533098235726357
acwm-autoloop-screen-push_sand-next_forcing-s2875-t512-r1,push_sand,next_forcing,2875,512,32,34.3435590998985,32.76254262827541,-1.5810164716230872,0.9756923466920853,0.9729720372706652,-0.0027203094214200974,0.004495539702475071,0.007056219037622213,0.0025606793351471424
acwm-autoloop-screen-push_sand-next_forcing-s2875-t512-r1,push_sand,next_forcing,2875,512,48,33.2161603004828,30.928708544535525,-2.2874517559472736,0.9718611923356851,0.9666871565083662,-0.005174035827318901,0.004399326629936695,0.008006848394870758,0.003607521764934063
acwm-autoloop-screen-push_sand-next_forcing-s2889-t512-r1,push_sand,next_forcing,2889,512,16,34.65184742379522,34.81093721790119,0.15908979410597368,0.9780501648783684,0.9774522483348846,-0.0005979165434837341,0.005321952048689127,0.005130289122462273,-0.00019166292622685432
acwm-autoloop-screen-push_sand-next_forcing-s2889-t512-r1,push_sand,next_forcing,2889,512,32,34.3435590998985,33.98898351562534,-0.3545755842731566,0.9756923466920853,0.9742374513298273,-0.0014548953622579575,0.004495539702475071,0.0050751701928675175,0.0005796304903924465
acwm-autoloop-screen-push_sand-next_forcing-s2889-t512-r1,push_sand,next_forcing,2889,512,48,33.2161603004828,32.09026061019522,-1.125899690287575,0.9718611923356851,0.9685347651441892,-0.0033264271914958954,0.004399326629936695,0.005917575675994158,0.0015182490460574627
acwm-autoloop-screen-push_sand-next_forcing-s3064-t512-r1,push_sand,next_forcing,3064,512,16,34.65184742379522,34.40780407915449,-0.24404334464072974,0.9780501648783684,0.9776666946709156,-0.00038347020745277405,0.005321952048689127,0.005887613631784916,0.000565661583095789
acwm-autoloop-screen-push_sand-next_forcing-s3064-t512-r1,push_sand,next_forcing,3064,512,32,34.3435590998985,33.57908481601796,-0.7644742838805385,0.9756923466920853,0.9740017652511597,-0.0016905814409255981,0.004495539702475071,0.005731949582695961,0.00123640988022089
acwm-autoloop-screen-push_sand-next_forcing-s3064-t512-r1,push_sand,next_forcing,3064,512,48,33.2161603004828,31.204208833665696,-2.011951466817102,0.9718611923356851,0.9671906530857086,-0.004670539249976513,0.004399326629936695,0.007472008466720581,0.003072681836783886
acwm-autoloop-screen-push_sand-self_forcing_finetune-s2863-t512-r1,push_sand,self_forcing_finetune,2863,512,16,34.65184742379522,31.20890735505059,-3.442940068744626,0.9780501648783684,0.9744594767689705,-0.003590688109397888,0.005321952048689127,0.013112694025039673,0.007790741976350546
acwm-autoloop-screen-push_sand-self_forcing_finetune-s2863-t512-r1,push_sand,self_forcing_finetune,2863,512,32,34.3435590998985,31.940808946990764,-2.4027501529077355,0.9756923466920853,0.9724540039896965,-0.0032383427023887634,0.004495539702475071,0.008038444444537163,0.003542904742062092
acwm-autoloop-screen-push_sand-self_forcing_finetune-s2863-t512-r1,push_sand,self_forcing_finetune,2863,512,48,33.2161603004828,30.90146635810902,-2.314693942373779,0.9718611923356851,0.9667763461669286,-0.005084846168756485,0.004399326629936695,0.007704003248363733,0.003304676618427038
acwm-autoloop-screen-push_sand-self_forcing_finetune-s2871-t512-r1,push_sand,self_forcing_finetune,2871,512,16,34.65184742379522,33.87291745146566,-0.7789299723295571,0.9780501648783684,0.9778162501752377,-0.00023391470313072205,0.005321952048689127,0.006707583554089069,0.0013856315053999424
acwm-autoloop-screen-push_sand-self_forcing_finetune-s2871-t512-r1,push_sand,self_forcing_finetune,2871,512,32,34.3435590998985,31.52103969507568,-2.8225194048228204,0.9756923466920853,0.9724127035588026,-0.0032796431332826614,0.004495539702475071,0.009686109609901905,0.005190569907426834
acwm-autoloop-screen-push_sand-self_forcing_finetune-s2871-t512-r1,push_sand,self_forcing_finetune,2871,512,48,33.2161603004828,30.761727653194487,-2.4544326472883107,0.9718611923356851,0.9671319052577019,-0.004729287077983257,0.004399326629936695,0.008400310762226582,0.0040009841322898865
acwm-autoloop-screen-push_sand-self_forcing_finetune-s2873-t512-r1,push_sand,self_forcing_finetune,2873,512,16,34.65184742379522,31.647414054713188,-3.0044333690820295,0.9780501648783684,0.9744907096028328,-0.0035594552755355835,0.005321952048689127,0.011775785125792027,0.0064538330771028996
acwm-autoloop-screen-push_sand-self_forcing_finetune-s2873-t512-r1,push_sand,self_forcing_finetune,2873,512,32,34.3435590998985,31.655438347676817,-2.688120752221682,0.9756923466920853,0.9714693818241358,-0.004222964867949486,0.004495539702475071,0.009018750861287117,0.004523211158812046
acwm-autoloop-screen-push_sand-self_forcing_finetune-s2873-t512-r1,push_sand,self_forcing_finetune,2873,512,48,33.2161603004828,30.17984732218336,-3.0363129782994385,0.9718611923356851,0.9651092700660229,-0.006751922269662258,0.004399326629936695,0.009409701451659203,0.0050103748217225075
acwm-autoloop-screen-push_sand-self_forcing_finetune-s3004-t512-r1,push_sand,self_forcing_finetune,3004,512,16,34.65184742379522,31.74313031909408,-2.908717104701136,0.9780501648783684,0.974495992064476,-0.0035541728138923645,0.005321952048689127,0.011832180432975292,0.006510228384286165
acwm-autoloop-screen-push_sand-self_forcing_finetune-s3004-t512-r1,push_sand,self_forcing_finetune,3004,512,32,34.3435590998985,31.766600099710296,-2.5769590001882037,0.9756923466920853,0.9712608959525824,-0.004431450739502907,0.004495539702475071,0.008674333803355694,0.004178794100880623
acwm-autoloop-screen-push_sand-self_forcing_finetune-s3004-t512-r1,push_sand,self_forcing_finetune,3004,512,48,33.2161603004828,30.651234855581137,-2.564925444901661,0.9718611923356851,0.9657733974357446,-0.006087794899940491,0.004399326629936695,0.00846766121685505,0.004068334586918354
acwm-autoloop-screen-push_sand-self_forcing_finetune-s3042-t512-r1,push_sand,self_forcing_finetune,3042,512,16,34.65184742379522,34.311339259272835,-0.3405081645223831,0.9780501648783684,0.9776541367173195,-0.00039602816104888916,0.005321952048689127,0.006075568031519651,0.0007536159828305244
acwm-autoloop-screen-push_sand-self_forcing_finetune-s3042-t512-r1,push_sand,self_forcing_finetune,3042,512,32,34.3435590998985,33.466981660182626,-0.8765774397158737,0.9756923466920853,0.9738696198910475,-0.0018227268010377884,0.004495539702475071,0.005736911203712225,0.001241371501237154
acwm-autoloop-screen-push_sand-self_forcing_finetune-s3042-t512-r1,push_sand,self_forcing_finetune,3042,512,48,33.2161603004828,30.87965221349959,-2.3365080869832084,0.9718611923356851,0.9664501771330833,-0.005411015202601788,0.004399326629936695,0.007951573468744755,0.0035522468388080597
acwm-autoloop-screen-push_sand-wmsd_self_distill-s2882-t512-r1,push_sand,wmsd_self_distill,2882,512,16,34.65184742379522,32.20481346044907,-2.4470339633461506,0.9780501648783684,0.9752296917140484,-0.002820473164319992,0.005321952048689127,0.010525895282626152,0.005203943233937025
acwm-autoloop-screen-push_sand-wmsd_self_distill-s2882-t512-r1,push_sand,wmsd_self_distill,2882,512,32,34.3435590998985,32.482625891218156,-1.8609332086803434,0.9756923466920853,0.9729095920920372,-0.002782754600048065,0.004495539702475071,0.007251326460391283,0.002755786757916212
acwm-autoloop-screen-push_sand-wmsd_self_distill-s2882-t512-r1,push_sand,wmsd_self_distill,2882,512,48,33.2161603004828,31.008334725375807,-2.207825575106991,0.9718611923356851,0.9668563604354858,-0.005004831900199291,0.004399326629936695,0.007687247823923826,0.003287921193987131
acwm-autoloop-screen-push_sand-wmsd_self_distill-s2885-t512-r1,push_sand,wmsd_self_distill,2885,512,16,34.65184742379522,32.26112385758647,-2.3907235662087487,0.9780501648783684,0.9749002791941166,-0.0031498856842517853,0.005321952048689127,0.01041652262210846,0.0050945705734193325
acwm-autoloop-screen-push_sand-wmsd_self_distill-s2885-t512-r1,push_sand,wmsd_self_distill,2885,512,32,34.3435590998985,31.852892462951935,-2.490666636946564,0.9756923466920853,0.9711989052593708,-0.004493441432714462,0.004495539702475071,0.008871722966432571,0.0043761832639575005
acwm-autoloop-screen-push_sand-wmsd_self_distill-s2885-t512-r1,push_sand,wmsd_self_distill,2885,512,48,33.2161603004828,30.94432694740953,-2.2718333530732693,0.9718611923356851,0.9663979063431422,-0.005463285992542977,0.004399326629936695,0.007898522540926933,0.003499195910990238
acwm-autoloop-screen-push_sand-wmsd_self_distill-s3102-t512-r1,push_sand,wmsd_self_distill,3102,512,16,34.65184742379522,32.37845957496265,-2.27338784883257,0.9780501648783684,0.9754723459482193,-0.0025778189301490784,0.005321952048689127,0.009942295029759407,0.00462034298107028
acwm-autoloop-screen-push_sand-wmsd_self_distill-s3102-t512-r1,push_sand,wmsd_self_distill,3102,512,32,34.3435590998985,32.0415802218729,-2.3019788780256007,0.9756923466920853,0.9719784930348396,-0.003713853657245636,0.004495539702475071,0.008419991470873356,0.003924451768398285
acwm-autoloop-screen-push_sand-wmsd_self_distill-s3102-t512-r1,push_sand,wmsd_self_distill,3102,512,48,33.2161603004828,30.194518717382017,-3.021641583100781,0.9718611923356851,0.9651854696373144,-0.00667572269837069,0.004399326629936695,0.009525749832391739,0.005126423202455044
acwm-autoloop-screen-push_sand-wmsd_self_distill-s3103-t512-r1,push_sand,wmsd_self_distill,3103,512,16,34.65184742379522,34.004888216720076,-0.6469592070751418,0.9780501648783684,0.9765123017132282,-0.001537863165140152,0.005321952048689127,0.006367604248225689,0.001045652199536562
acwm-autoloop-screen-push_sand-wmsd_self_distill-s3103-t512-r1,push_sand,wmsd_self_distill,3103,512,32,34.3435590998985,32.37616350204556,-1.967395597852942,0.9756923466920853,0.9715025518089533,-0.004189794883131981,0.004495539702475071,0.007693655323237181,0.0031981156207621098
acwm-autoloop-screen-push_sand-wmsd_self_distill-s3103-t512-r1,push_sand,wmsd_self_distill,3103,512,48,33.2161603004828,31.16368112094542,-2.0524791795373787,0.9718611923356851,0.9662777607639631,-0.005583431571722031,0.004399326629936695,0.007475418504327536,0.0030760918743908405
acwm-autoloop-screen-reacher-action_contrastive_finetune-s2000-t512-r1,reacher,action_contrastive_finetune,2000,512,16,30.656355112987136,34.04336586079293,3.387010747805796,0.9833876006305218,0.9865160956978798,0.003128495067358017,0.015626318752765656,0.006371693219989538,-0.009254625532776117
acwm-autoloop-screen-reacher-action_contrastive_finetune-s2000-t512-r1,reacher,action_contrastive_finetune,2000,512,32,29.792608290827395,32.796556688153466,3.00394839732607,0.9804675821214914,0.9849722366780043,0.004504654556512833,0.019138233736157417,0.009464393369853497,-0.00967384036630392
acwm-autoloop-screen-reacher-action_contrastive_finetune-s2001-t512-r1,reacher,action_contrastive_finetune,2001,512,16,30.656355112987136,33.48398644408597,2.8276313310988357,0.9833876006305218,0.9872736260294914,0.0038860253989696503,0.015626318752765656,0.0074743363074958324,-0.008151982445269823
acwm-autoloop-screen-reacher-action_contrastive_finetune-s2001-t512-r1,reacher,action_contrastive_finetune,2001,512,32,29.792608290827395,32.27403457916947,2.481426288342071,0.9804675821214914,0.9861622210592031,0.005694638937711716,0.019138233736157417,0.010462509468197823,-0.008675724267959595
acwm-autoloop-screen-reacher-action_contrastive_finetune-s2002-t512-r1,reacher,action_contrastive_finetune,2002,512,16,30.656355112987136,32.247845021004196,1.59148990801706,0.9833876006305218,0.9839521832764149,0.0005645826458930969,0.015626318752765656,0.010346057824790478,-0.005280260927975178
acwm-autoloop-screen-reacher-action_contrastive_finetune-s2002-t512-r1,reacher,action_contrastive_finetune,2002,512,32,29.792608290827395,32.062632185354715,2.27002389452732,0.9804675821214914,0.9832974392920732,0.0028298571705818176,0.019138233736157417,0.011421195231378078,-0.007717038504779339
acwm-autoloop-screen-reacher-action_contrastive_finetune-s2400-t512-r1,reacher,action_contrastive_finetune,2400,512,16,30.656355112987136,33.29059683588164,2.634241722894501,0.9833876006305218,0.9873976483941078,0.004010047763586044,0.015626318752765656,0.008309880271553993,-0.007316438481211662
acwm-autoloop-screen-reacher-action_contrastive_finetune-s2400-t512-r1,reacher,action_contrastive_finetune,2400,512,32,29.792608290827395,32.43796622022172,2.645357929394322,0.9804675821214914,0.9868447706103325,0.006377188488841057,0.019138233736157417,0.010611052624881268,-0.00852718111127615
acwm-autoloop-screen-reacher-action_contrastive_finetune-s2402-t512-r1,reacher,action_contrastive_finetune,2402,512,16,30.656355112987136,31.958755240215257,1.3024001272281218,0.9833876006305218,0.9858833514153957,0.0024957507848739624,0.015626318752765656,0.012071891687810421,-0.0035544270649552345
acwm-autoloop-screen-reacher-action_contrastive_finetune-s2402-t512-r1,reacher,action_contrastive_finetune,2402,512,32,29.792608290827395,31.103485022155745,1.3108767313283494,0.9804675821214914,0.984745554625988,0.004277972504496574,0.019138233736157417,0.015531821176409721,-0.003606412559747696
acwm-autoloop-screen-reacher-action_contrastive_finetune-s2500-t512-r1,reacher,action_contrastive_finetune,2500,512,16,30.656355112987136,32.19321018804936,1.5368550750622276,0.9833876006305218,0.9864123277366161,0.0030247271060943604,0.015626318752765656,0.011464077048003674,-0.004162241704761982
acwm-autoloop-screen-reacher-action_contrastive_finetune-s2500-t512-r1,reacher,action_contrastive_finetune,2500,512,32,29.792608290827395,31.69359231478548,1.9009840239580846,0.9804675821214914,0.9855414442718029,0.00507386215031147,0.019138233736157417,0.013465579599142075,-0.005672654137015343
acwm-autoloop-screen-reacher-action_contrastive_finetune-s2853-t512-r1,reacher,action_contrastive_finetune,2853,512,16,30.656355112987136,33.503262059239624,2.8469069462524885,0.9833876006305218,0.9883820042014122,0.004994403570890427,0.015626318752765656,0.007486613001674414,-0.008139705751091242
acwm-autoloop-screen-reacher-action_contrastive_finetune-s2853-t512-r1,reacher,action_contrastive_finetune,2853,512,32,29.792608290827395,32.60253147796974,2.8099231871423456,0.9804675821214914,0.9875908885151148,0.007123306393623352,0.019138233736157417,0.009705940261483192,-0.009432293474674225
acwm-autoloop-screen-reacher-action_dimension_balancing-s2833-t512-r1,reacher,action_dimension_balancing,2833,512,16,30.656355112987136,32.788853503424185,2.13249839043705,0.9833876006305218,0.98645344004035,0.003065839409828186,0.015626318752765656,0.00960780493915081,-0.006018513813614845
acwm-autoloop-screen-reacher-action_dimension_balancing-s2833-t512-r1,reacher,action_dimension_balancing,2833,512,32,29.792608290827395,32.088486047127596,2.2958777563002,0.9804675821214914,0.9859888944774866,0.005521312355995178,0.019138233736157417,0.011414876207709312,-0.007723357528448105
acwm-autoloop-screen-reacher-action_dimension_balancing-s2835-t512-r1,reacher,action_dimension_balancing,2835,512,16,30.656355112987136,32.107414971340816,1.4510598583536805,0.9833876006305218,0.9855745248496532,0.0021869242191314697,0.015626318752765656,0.011572145856916904,-0.004054172895848751
acwm-autoloop-screen-reacher-action_dimension_balancing-s2835-t512-r1,reacher,action_dimension_balancing,2835,512,32,29.792608290827395,32.02450293119112,2.231894640363727,0.9804675821214914,0.9857944622635841,0.005326880142092705,0.019138233736157417,0.012171941809356213,-0.006966291926801205
acwm-autoloop-screen-reacher-action_dimension_balancing-s2837-t512-r1,reacher,action_dimension_balancing,2837,512,16,30.656355112987136,32.42863354457431,1.772278431587175,0.9833876006305218,0.9867499954998493,0.003362394869327545,0.015626318752765656,0.010734819807112217,-0.004891498945653439
acwm-autoloop-screen-reacher-action_dimension_balancing-s2837-t512-r1,reacher,action_dimension_balancing,2837,512,32,29.792608290827395,32.477545658007124,2.684937367179728,0.9804675821214914,0.9870323576033115,0.0065647754818201065,0.019138233736157417,0.011015457101166248,-0.008122776634991169
acwm-autoloop-screen-reacher-action_dimension_balancing-s2845-t512-r1,reacher,action_dimension_balancing,2845,512,16,30.656355112987136,33.02404417425879,2.367689061271655,0.9833876006305218,0.9879221692681313,0.004534568637609482,0.015626318752765656,0.009048943407833576,-0.006577375344932079
acwm-autoloop-screen-reacher-action_dimension_balancing-s2845-t512-r1,reacher,action_dimension_balancing,2845,512,32,29.792608290827395,31.967912169000897,2.1753038781735015,0.9804675821214914,0.9861558694392443,0.005688287317752838,0.019138233736157417,0.01255287416279316,-0.006585359573364258
acwm-autoloop-screen-reacher-cfg_guidance_schedule-s911-t512-r1,reacher,cfg_guidance_schedule,911,512,16,30.656355112987136,32.839368252901224,2.183013139914088,0.9833876006305218,0.9878108203411102,0.004423219710588455,0.015626318752765656,0.009280076250433922,-0.006346242502331734
acwm-autoloop-screen-reacher-cfg_guidance_schedule-s911-t512-r1,reacher,cfg_guidance_schedule,911,512,32,29.792608290827395,32.08001380937389,2.2874055185464925,0.9804675821214914,0.9874336030334234,0.006966020911931992,0.019138233736157417,0.011285824701189995,-0.007852409034967422
acwm-autoloop-screen-reacher-inv_dyn_reward_finetune-s2817-t512-r1,reacher,inv_dyn_reward_finetune,2817,512,16,30.656355112987136,32.914899318001446,2.25854420501431,0.9833876006305218,0.9881982281804085,0.0048106275498867035,0.015626318752765656,0.009407180361449718,-0.006219138391315937
acwm-autoloop-screen-reacher-inv_dyn_reward_finetune-s2817-t512-r1,reacher,inv_dyn_reward_finetune,2817,512,32,29.792608290827395,32.24856321509608,2.4559549242686813,0.9804675821214914,0.9877324756234884,0.007264893501996994,0.019138233736157417,0.011175181716680527,-0.00796305201947689
acwm-autoloop-screen-reacher-inv_dyn_reward_finetune-s2847-t512-r1,reacher,inv_dyn_reward_finetune,2847,512,16,30.656355112987136,32.24955861720646,1.5932035042193249,0.9833876006305218,0.9869575388729572,0.0035699382424354553,0.015626318752765656,0.010968600399792194,-0.004657718352973461
acwm-autoloop-screen-reacher-inv_dyn_reward_finetune-s2847-t512-r1,reacher,inv_dyn_reward_finetune,2847,512,32,29.792608290827395,31.875423046587485,2.08281475576009,0.9804675821214914,0.986868005245924,0.006400423124432564,0.019138233736157417,0.012065472081303596,-0.007072761654853821
acwm-autoloop-screen-reacher-inv_dyn_reward_finetune-s2848-t512-r1,reacher,inv_dyn_reward_finetune,2848,512,16,30.656355112987136,31.88243334771871,1.226078234731574,0.9833876006305218,0.9848507456481457,0.0014631450176239014,0.015626318752765656,0.01242533978074789,-0.003200978972017765
acwm-autoloop-screen-reacher-inv_dyn_reward_finetune-s2848-t512-r1,reacher,inv_dyn_reward_finetune,2848,512,32,29.792608290827395,31.824071302089763,2.0314630112623675,0.9804675821214914,0.9850846473127604,0.004617065191268921,0.019138233736157417,0.012891879305243492,-0.006246354430913925
acwm-autoloop-screen-reacher-inv_dyn_reward_finetune-s852-t512-r1,reacher,inv_dyn_reward_finetune,852,512,16,30.656355112987136,33.168613025222285,2.5122579122351496,0.9833876006305218,0.9879678823053837,0.004580281674861908,0.015626318752765656,0.008407155983150005,-0.00721916276961565
acwm-autoloop-screen-reacher-inv_dyn_reward_finetune-s852-t512-r1,reacher,inv_dyn_reward_finetune,852,512,32,29.792608290827395,32.460510153655264,2.6679018628278683,0.9804675821214914,0.9868818242102861,0.006414242088794708,0.019138233736157417,0.010892344638705254,-0.008245889097452164
acwm-autoloop-screen-reacher-inv_dyn_reward_finetune-s950-t512-r1,reacher,inv_dyn_reward_finetune,950,512,16,30.656355112987136,32.101944844398794,1.4455897314116584,0.9833876006305218,0.986287072300911,0.0028994716703891754,0.015626318752765656,0.011736036278307438,-0.0038902824744582176
acwm-autoloop-screen-reacher-inv_dyn_reward_finetune-s950-t512-r1,reacher,inv_dyn_reward_finetune,950,512,32,29.792608290827395,31.08978113522238,1.2971728443949857,0.9804675821214914,0.9847125001251698,0.004244918003678322,0.019138233736157417,0.015695970505475998,-0.0034422632306814194
acwm-autoloop-screen-reacher-latent_motion_prior-s862-t512-r1,reacher,latent_motion_prior,862,512,16,30.656355112987136,33.05506935336355,2.398714240376414,0.9833876006305218,0.9877435602247715,0.004355959594249725,0.015626318752765656,0.009006093256175518,-0.0066202254965901375
acwm-autoloop-screen-reacher-latent_motion_prior-s862-t512-r1,reacher,latent_motion_prior,862,512,32,29.792608290827395,32.275085351196545,2.482477060369149,0.9804675821214914,0.9873459301888943,0.00687834806740284,0.019138233736157417,0.010956433601677418,-0.00818180013448
acwm-autoloop-screen-reacher-latent_motion_prior-s966-t512-r1,reacher,latent_motion_prior,966,512,16,30.656355112987136,31.47197107839674,0.8156159654096058,0.9833876006305218,0.9843773581087589,0.000989757478237152,0.015626318752765656,0.013562086038291454,-0.002064232714474201
acwm-autoloop-screen-reacher-latent_motion_prior-s966-t512-r1,reacher,latent_motion_prior,966,512,32,29.792608290827395,31.406649543589253,1.614041252761858,0.9804675821214914,0.9849583730101585,0.004490790888667107,0.019138233736157417,0.013952216133475304,-0.005186017602682114
acwm-autoloop-screen-reacher-motion_region_reweight-s2816-t512-r1,reacher,motion_region_reweight,2816,512,16,30.656355112987136,32.47535931367065,1.8190042006835156,0.9833876006305218,0.9856616407632828,0.0022740401327610016,0.015626318752765656,0.01053518708795309,-0.005091131664812565
acwm-autoloop-screen-reacher-motion_region_reweight-s2816-t512-r1,reacher,motion_region_reweight,2816,512,32,29.792608290827395,32.571988940073695,2.779380649246299,0.9804675821214914,0.9864634554833174,0.005995873361825943,0.019138233736157417,0.010679083876311779,-0.008459149859845638
acwm-autoloop-screen-reacher-motion_region_reweight-s2820-t512-r1,reacher,motion_region_reweight,2820,512,16,30.656355112987136,33.160782810021054,2.5044276970339183,0.9833876006305218,0.9878795333206654,0.004491932690143585,0.015626318752765656,0.00848239753395319,-0.007143921218812466
acwm-autoloop-screen-reacher-motion_region_reweight-s2820-t512-r1,reacher,motion_region_reweight,2820,512,32,29.792608290827395,32.30642677743015,2.5138184866027515,0.9804675821214914,0.9870103243738413,0.0065427422523498535,0.019138233736157417,0.01080058142542839,-0.008337652310729027
acwm-autoloop-screen-reacher-motion_region_reweight-s2824-t512-r1,reacher,motion_region_reweight,2824,512,16,30.656355112987136,31.9669192254262,1.3105641124390637,0.9833876006305218,0.9859860576689243,0.0025984570384025574,0.015626318752765656,0.011982062831521034,-0.0036442559212446213
acwm-autoloop-screen-reacher-motion_region_reweight-s2824-t512-r1,reacher,motion_region_reweight,2824,512,32,29.792608290827395,31.38951734120404,1.5969090503766452,0.9804675821214914,0.9851791486144066,0.0047115664929151535,0.019138233736157417,0.014370672404766083,-0.0047675613313913345
acwm-autoloop-screen-reacher-motion_region_reweight-s2824-t512-r1-retry2,reacher,motion_region_reweight,2824,512,16,30.656355112987136,33.464337113134384,2.8079820001472484,0.9833876006305218,0.9884017147123814,0.005014114081859589,0.015626318752765656,0.007811382412910461,-0.007814936339855194
acwm-autoloop-screen-reacher-motion_region_reweight-s2824-t512-r1-retry2,reacher,motion_region_reweight,2824,512,32,29.792608290827395,32.62383501074182,2.831226719914426,0.9804675821214914,0.9881100263446569,0.007642444223165512,0.019138233736157417,0.009928133338689804,-0.009210100397467613
acwm-autoloop-screen-reacher-motion_region_reweight-s2827-t512-r1,reacher,motion_region_reweight,2827,512,16,30.656355112987136,32.38635650604509,1.7300013930579539,0.9833876006305218,0.9850365184247494,0.0016489177942276,0.015626318752765656,0.010905427858233452,-0.004720890894532204
acwm-autoloop-screen-reacher-motion_region_reweight-s2827-t512-r1,reacher,motion_region_reweight,2827,512,32,29.792608290827395,31.54800263659963,1.7553943457722347,0.9804675821214914,0.983719838783145,0.0032522566616535187,0.019138233736157417,0.013861642219126225,-0.005276591517031193
acwm-autoloop-screen-reacher-motion_region_reweight-s2850-t512-r1,reacher,motion_region_reweight,2850,512,16,30.656355112987136,33.09698332619486,2.4406282132077237,0.9833876006305218,0.9879978075623512,0.0046102069318294525,0.015626318752765656,0.008241883479058743,-0.007384435273706913
acwm-autoloop-screen-reacher-motion_region_reweight-s2850-t512-r1,reacher,motion_region_reweight,2850,512,32,29.792608290827395,32.11713354481209,2.324525253984696,0.9804675821214914,0.9867644496262074,0.0062968675047159195,0.019138233736157417,0.01089134719222784,-0.008246886543929577
acwm-autoloop-screen-reacher-motion_region_reweight-s2852-t512-r1,reacher,motion_region_reweight,2852,512,16,30.656355112987136,32.59746404354489,1.9411089305577534,0.9833876006305218,0.9871593788266182,0.0037717781960964203,0.015626318752765656,0.01018521748483181,-0.0054411012679338455
acwm-autoloop-screen-reacher-motion_region_reweight-s2852-t512-r1,reacher,motion_region_reweight,2852,512,32,29.792608290827395,31.995397712229746,2.2027894214023505,0.9804675821214914,0.9871635809540749,0.006695998832583427,0.019138233736157417,0.011752115562558174,-0.007386118173599243
acwm-autoloop-screen-reacher-next_forcing-s2818-t512-r1,reacher,next_forcing,2818,512,16,30.656355112987136,32.761573310241694,2.1052181972545583,0.9833876006305218,0.987722784280777,0.004335183650255203,0.015626318752765656,0.00939511600881815,-0.006231202743947506
acwm-autoloop-screen-reacher-next_forcing-s2818-t512-r1,reacher,next_forcing,2818,512,32,29.792608290827395,32.317700647888984,2.525092357061588,0.9804675821214914,0.9874321930110455,0.006964610889554024,0.019138233736157417,0.01080232486128807,-0.008335908874869347
acwm-autoloop-screen-reacher-next_forcing-s2819-t512-r1,reacher,next_forcing,2819,512,16,30.656355112987136,33.08523742356951,2.428882310582374,0.9833876006305218,0.9878411181271076,0.004453517496585846,0.015626318752765656,0.008507083170115948,-0.007119235582649708
acwm-autoloop-screen-reacher-next_forcing-s2819-t512-r1,reacher,next_forcing,2819,512,32,29.792608290827395,32.2585402744182,2.4659319835908065,0.9804675821214914,0.9873322658240795,0.006864683702588081,0.019138233736157417,0.01081919390708208,-0.008319039829075336
acwm-autoloop-screen-reacher-next_forcing-s2838-t512-r1,reacher,next_forcing,2838,512,16,30.656355112987136,33.275380967210936,2.6190258542238,0.9833876006305218,0.98896324634552,0.005575645714998245,0.015626318752765656,0.008161023259162903,-0.007465295493602753
acwm-autoloop-screen-reacher-next_forcing-s2838-t512-r1,reacher,next_forcing,2838,512,32,29.792608290827395,32.37366646984094,2.581058179013546,0.9804675821214914,0.9884136524051428,0.007946070283651352,0.019138233736157417,0.010557274334132671,-0.008580959402024746
acwm-autoloop-screen-reacher-next_forcing-s2843-t512-r1,reacher,next_forcing,2843,512,16,30.656355112987136,34.046199987754534,3.389844874767398,0.9833876006305218,0.9893699027597904,0.005982302129268646,0.015626318752765656,0.006268788129091263,-0.009357530623674393
acwm-autoloop-screen-reacher-next_forcing-s2843-t512-r1,reacher,next_forcing,2843,512,32,29.792608290827395,33.03794915754373,3.245340866716333,0.9804675821214914,0.9888217225670815,0.00835414044559002,0.019138233736157417,0.008800765499472618,-0.0103374682366848
acwm-autoloop-screen-reacher-self_forcing_finetune-s1800-t512-r1,reacher,self_forcing_finetune,1800,512,16,30.656355112987136,33.50783100236106,2.8514758893739227,0.9833876006305218,0.9876462519168854,0.004258651286363602,0.015626318752765656,0.007583910599350929,-0.008042408153414726
acwm-autoloop-screen-reacher-self_forcing_finetune-s1800-t512-r1,reacher,self_forcing_finetune,1800,512,32,29.792608290827395,32.95709520951926,3.164486918691864,0.9804675821214914,0.9866554867476225,0.006187904626131058,0.019138233736157417,0.00926164910197258,-0.009876584634184837
acwm-autoloop-screen-reacher-self_forcing_finetune-s1812-t512-r1,reacher,self_forcing_finetune,1812,512,16,30.656355112987136,33.839767899628555,3.1834127866414192,0.9833876006305218,0.9891987964510918,0.005811195820569992,0.015626318752765656,0.007155538536608219,-0.008470780216157436
acwm-autoloop-screen-reacher-self_forcing_finetune-s1812-t512-r1,reacher,self_forcing_finetune,1812,512,32,29.792608290827395,32.63912242073617,2.846514129908776,0.9804675821214914,0.9882699567824602,0.0078023746609687805,0.019138233736157417,0.010066955350339413,-0.009071278385818005
acwm-autoloop-screen-reacher-self_forcing_finetune-s1815-t512-r1,reacher,self_forcing_finetune,1815,512,16,30.656355112987136,33.413005625625814,2.7566505126386787,0.9833876006305218,0.9881871491670609,0.004799548536539078,0.015626318752765656,0.008004306815564632,-0.007622011937201023
acwm-autoloop-screen-reacher-self_forcing_finetune-s1815-t512-r1,reacher,self_forcing_finetune,1815,512,32,29.792608290827395,33.00276861465752,3.2101603238301237,0.9804675821214914,0.9875933900475502,0.007125807926058769,0.019138233736157417,0.009338119067251682,-0.009800114668905735
acwm-autoloop-screen-reacher-self_forcing_finetune-s2840-t512-r1,reacher,self_forcing_finetune,2840,512,16,30.656355112987136,33.409369645431816,2.7530145324446806,0.9833876006305218,0.9880055002868176,0.004617899656295776,0.015626318752765656,0.00824827142059803,-0.007378047332167625
acwm-autoloop-screen-reacher-self_forcing_finetune-s2840-t512-r1,reacher,self_forcing_finetune,2840,512,32,29.792608290827395,32.94460448385591,3.1519961930285163,0.9804675821214914,0.9877288788557053,0.007261296734213829,0.019138233736157417,0.009554317221045494,-0.009583916515111923
acwm-autoloop-screen-reacher-self_forcing_finetune-s2842-t512-r1,reacher,self_forcing_finetune,2842,512,16,30.656355112987136,33.69481960344607,3.038464490458935,0.9833876006305218,0.9879366159439087,0.004549015313386917,0.015626318752765656,0.007250671740621328,-0.008375647012144327
acwm-autoloop-screen-reacher-self_forcing_finetune-s2842-t512-r1,reacher,self_forcing_finetune,2842,512,32,29.792608290827395,32.84070564496675,3.048097354139351,0.9804675821214914,0.9868492819368839,0.006381699815392494,0.019138233736157417,0.009441965259611607,-0.00969626847654581
acwm-autoloop-screen-robot_arm-action_contrastive_finetune-s2821-t512-r1,robot_arm,action_contrastive_finetune,2821,512,16,31.767697530604035,31.93289977928663,0.16520224868259348,0.9791081286966801,0.9810276105999947,0.0019194819033145905,0.006517000962048769,0.007379194721579552,0.0008621937595307827
acwm-autoloop-screen-robot_arm-action_contrastive_finetune-s2821-t512-r1,robot_arm,action_contrastive_finetune,2821,512,32,30.749483165875166,32.441211367480506,1.6917282016053399,0.9764675870537758,0.9823230654001236,0.005855478346347809,0.008166683837771416,0.005721400026232004,-0.0024452838115394115
acwm-autoloop-screen-robot_arm-action_contrastive_finetune-s2821-t512-r1,robot_arm,action_contrastive_finetune,2821,512,48,29.039261534953717,31.43570807271508,2.3964465377613635,0.9710825880368551,0.9799497450391451,0.008867157002290016,0.013156680390238762,0.007124247029423714,-0.006032433360815048
acwm-autoloop-screen-robot_arm-action_contrastive_finetune-s2823-t512-r1,robot_arm,action_contrastive_finetune,2823,512,16,31.767697530604035,26.348242468011918,-5.419455062592117,0.9791081286966801,0.9616997316479683,-0.017408397048711777,0.006517000962048769,0.02614492177963257,0.0196279208175838
acwm-autoloop-screen-robot_arm-action_contrastive_finetune-s2823-t512-r1,robot_arm,action_contrastive_finetune,2823,512,32,30.749483165875166,23.94376044213086,-6.8057227237443065,0.9764675870537758,0.9499003440141678,-0.026567243039608,0.008166683837771416,0.03257683292031288,0.024410149082541466
acwm-autoloop-screen-robot_arm-action_contrastive_finetune-s2823-t512-r1,robot_arm,action_contrastive_finetune,2823,512,48,29.039261534953717,22.6796288880782,-6.359632646875518,0.9710825880368551,0.9423224416871866,-0.028760146349668503,0.013156680390238762,0.041332442313432693,0.02817576192319393
acwm-autoloop-screen-robot_arm-action_contrastive_finetune-s2825-t512-r1,robot_arm,action_contrastive_finetune,2825,512,16,31.767697530604035,29.751450918077232,-2.0162466125268033,0.9791081286966801,0.9761780761182308,-0.0029300525784492493,0.006517000962048769,0.013093394227325916,0.006576393265277147
acwm-autoloop-screen-robot_arm-action_contrastive_finetune-s2825-t512-r1,robot_arm,action_contrastive_finetune,2825,512,32,30.749483165875166,27.519732456767485,-3.2297507091076803,0.9764675870537758,0.9678547605872154,-0.008612826466560364,0.008166683837771416,0.02143518254160881,0.013268498703837395
acwm-autoloop-screen-robot_arm-action_contrastive_finetune-s2825-t512-r1,robot_arm,action_contrastive_finetune,2825,512,48,29.039261534953717,27.231349709177973,-1.8079118257757436,0.9710825880368551,0.9656424187123775,-0.005440169324477551,0.013156680390238762,0.022818436846137047,0.009661756455898285
acwm-autoloop-screen-robot_arm-action_contrastive_finetune-s2826-t512-r1,robot_arm,action_contrastive_finetune,2826,512,16,31.767697530604035,30.843731266361413,-0.9239662642426225,0.9791081286966801,0.9786180891096592,-0.000490039587020874,0.006517000962048769,0.009159453213214874,0.0026424522511661053
acwm-autoloop-screen-robot_arm-action_contrastive_finetune-s2826-t512-r1,robot_arm,action_contrastive_finetune,2826,512,32,30.749483165875166,29.282012474047473,-1.4674706918276925,0.9764675870537758,0.9738698210567236,-0.0025977659970521927,0.008166683837771416,0.012793511152267456,0.00462682731449604
acwm-autoloop-screen-robot_arm-action_contrastive_finetune-s2826-t512-r1,robot_arm,action_contrastive_finetune,2826,512,48,29.039261534953717,28.995535710122738,-0.043725824830978866,0.9710825880368551,0.972392663359642,0.00131007532278693,0.013156680390238762,0.014050768688321114,0.0008940882980823517
acwm-autoloop-screen-robot_arm-cfg_guidance_schedule-s910-t512-r1,robot_arm,cfg_guidance_schedule,910,512,16,31.767697530604035,33.79162218539449,2.023924654790452,0.9791081286966801,0.9852337315678596,0.006125602871179581,0.006517000962048769,0.004319150932133198,-0.002197850029915571
acwm-autoloop-screen-robot_arm-cfg_guidance_schedule-s910-t512-r1,robot_arm,cfg_guidance_schedule,910,512,32,30.749483165875166,34.32857010707933,3.5790869412041637,0.9764675870537758,0.9862885382026434,0.009820951148867607,0.008166683837771416,0.003341588657349348,-0.004825095180422068
acwm-autoloop-screen-robot_arm-cfg_guidance_schedule-s910-t512-r1,robot_arm,cfg_guidance_schedule,910,512,48,29.039261534953717,33.09139073763342,4.052129202679701,0.9710825880368551,0.9840307583411535,0.012948170304298401,0.013156680390238762,0.004362869076430798,-0.008793811313807964
acwm-autoloop-screen-robot_arm-inv_dyn_reward_finetune-s2824-t512-r1,robot_arm,inv_dyn_reward_finetune,2824,512,16,31.767697530604035,27.432428384594772,-4.335269146009264,0.9791081286966801,0.9657756760716438,-0.01333245262503624,0.006517000962048769,0.021837573498487473,0.015320572536438704
acwm-autoloop-screen-robot_arm-inv_dyn_reward_finetune-s2824-t512-r1,robot_arm,inv_dyn_reward_finetune,2824,512,32,30.749483165875166,25.702197192384656,-5.04728597349051,0.9764675870537758,0.9568278677761555,-0.019639719277620316,0.008166683837771416,0.025330763310194016,0.0171640794724226
acwm-autoloop-screen-robot_arm-inv_dyn_reward_finetune-s2824-t512-r1,robot_arm,inv_dyn_reward_finetune,2824,512,48,29.039261534953717,24.937928790489075,-4.101332744464642,0.9710825880368551,0.9520510459939638,-0.01903154204289126,0.013156680390238762,0.028730470687150955,0.015573790296912193
acwm-autoloop-screen-robot_arm-inv_dyn_reward_finetune-s841-t512-r1,robot_arm,inv_dyn_reward_finetune,841,512,16,31.767697530604035,31.62205929818246,-0.14563823242157525,0.9791081286966801,0.9809694141149521,0.0018612854182720184,0.006517000962048769,0.007818767800927162,0.0013017668388783932
acwm-autoloop-screen-robot_arm-inv_dyn_reward_finetune-s841-t512-r1,robot_arm,inv_dyn_reward_finetune,841,512,32,30.749483165875166,29.391102063321885,-1.358381102553281,0.9764675870537758,0.9747284073382616,-0.001739179715514183,0.008166683837771416,0.013344977982342243,0.0051782941445708275
acwm-autoloop-screen-robot_arm-inv_dyn_reward_finetune-s841-t512-r1,robot_arm,inv_dyn_reward_finetune,841,512,48,29.039261534953717,29.22386180724939,0.18460027229567189,0.9710825880368551,0.973921767125527,0.002839179088671928,0.013156680390238762,0.013870993629097939,0.0007143132388591766
acwm-autoloop-screen-robot_arm-latent_motion_prior-s1702-t512-r1,robot_arm,latent_motion_prior,1702,512,16,31.767697530604035,33.66338697650886,1.895689445904825,0.9791081286966801,0.9845250397920609,0.005416911095380783,0.006517000962048769,0.004368032328784466,-0.002148968633264303
acwm-autoloop-screen-robot_arm-latent_motion_prior-s1702-t512-r1,robot_arm,latent_motion_prior,1702,512,32,30.749483165875166,33.984686590472116,3.23520342459695,0.9764675870537758,0.9851047024130821,0.008637115359306335,0.008166683837771416,0.003683744464069605,-0.004482939373701811
acwm-autoloop-screen-robot_arm-latent_motion_prior-s1702-t512-r1,robot_arm,latent_motion_prior,1702,512,48,29.039261534953717,33.527346808914054,4.488085273960337,0.9710825880368551,0.9841795898973942,0.013097001860539081,0.013156680390238762,0.0041702864691615105,-0.008986393921077251
acwm-autoloop-screen-robot_arm-motion_region_reweight-s2822-t512-r1,robot_arm,motion_region_reweight,2822,512,16,31.767697530604035,30.815382641743334,-0.9523148888607018,0.9791081286966801,0.9783640317618847,-0.0007440969347953796,0.006517000962048769,0.008997022174298763,0.0024800212122499943
acwm-autoloop-screen-robot_arm-motion_region_reweight-s2822-t512-r1,robot_arm,motion_region_reweight,2822,512,32,30.749483165875166,28.86012783391478,-1.8893553319603846,0.9764675870537758,0.9720166269689798,-0.004450960084795952,0.008166683837771416,0.012778634205460548,0.004611950367689133
acwm-autoloop-screen-robot_arm-motion_region_reweight-s2822-t512-r1,robot_arm,motion_region_reweight,2822,512,48,29.039261534953717,27.892397598773506,-1.1468639361802104,0.9710825880368551,0.9678848224381605,-0.0031977655986945575,0.013156680390238762,0.017312439158558846,0.004155758768320084
acwm-autoloop-screen-robot_arm-motion_region_reweight-s2832-t512-r1,robot_arm,motion_region_reweight,2832,512,16,31.767697530604035,31.937410149215136,0.16971261861110065,0.9791081286966801,0.9811999462544918,0.002091817557811737,0.006517000962048769,0.0070006512105464935,0.00048365024849772453
acwm-autoloop-screen-robot_arm-motion_region_reweight-s2832-t512-r1,robot_arm,motion_region_reweight,2832,512,32,30.749483165875166,30.19016853183451,-0.559314634040657,0.9764675870537758,0.9766277521848679,0.00016016513109207153,0.008166683837771416,0.010199565440416336,0.0020328816026449203
acwm-autoloop-screen-robot_arm-motion_region_reweight-s2832-t512-r1,robot_arm,motion_region_reweight,2832,512,48,29.039261534953717,30.156630947243666,1.1173694122899498,0.9710825880368551,0.9760493499537309,0.004966761916875839,0.013156680390238762,0.010398101061582565,-0.0027585793286561966
acwm-autoloop-screen-robot_arm-next_forcing-s2824-t512-r1,robot_arm,next_forcing,2824,512,16,31.767697530604035,33.843573363286225,2.07587583268219,0.9791081286966801,0.985026840120554,0.005918711423873901,0.006517000962048769,0.004215994384139776,-0.0023010065779089928
acwm-autoloop-screen-robot_arm-next_forcing-s2824-t512-r1,robot_arm,next_forcing,2824,512,32,30.749483165875166,31.25262232440729,0.5031391585321252,0.9764675870537758,0.9798723571002483,0.0034047700464725494,0.008166683837771416,0.008202125318348408,3.5441480576992035e-05
acwm-autoloop-screen-robot_arm-next_forcing-s2824-t512-r1,robot_arm,next_forcing,2824,512,48,29.039261534953717,29.436228982587302,0.3969674476335854,0.9710825880368551,0.9741804984708627,0.0030979104340076447,0.013156680390238762,0.012910266406834126,-0.0002464139834046364
acwm-autoloop-screen-robot_arm-next_forcing-s2825-t512-r1,robot_arm,next_forcing,2825,512,16,31.767697530604035,32.36349184515475,0.5957943145507123,0.9791081286966801,0.9820969253778458,0.002988796681165695,0.006517000962048769,0.0061076306737959385,-0.0004093702882528305
acwm-autoloop-screen-robot_arm-next_forcing-s2825-t512-r1,robot_arm,next_forcing,2825,512,32,30.749483165875166,31.52642163852939,0.7769384726542228,0.9764675870537758,0.980220852419734,0.003753265365958214,0.008166683837771416,0.007235528435558081,-0.000931155402213335
acwm-autoloop-screen-robot_arm-next_forcing-s2825-t512-r1,robot_arm,next_forcing,2825,512,48,29.039261534953717,31.200044890492535,2.1607833555388183,0.9710825880368551,0.9789624611536661,0.007879873116811043,0.013156680390238762,0.008008787408471107,-0.005147892981767654
acwm-autoloop-screen-robot_arm-next_forcing-s2826-t512-r1,robot_arm,next_forcing,2826,512,16,31.767697530604035,32.68152548403534,0.913827953431305,0.9791081286966801,0.98296869546175,0.0038605667650699615,0.006517000962048769,0.006061537191271782,-0.0004554637707769871
acwm-autoloop-screen-robot_arm-next_forcing-s2826-t512-r1,robot_arm,next_forcing,2826,512,32,30.749483165875166,31.66085504241725,0.9113718765420842,0.9764675870537758,0.9809932988137007,0.004525711759924889,0.008166683837771416,0.006580724846571684,-0.0015859589911997318
acwm-autoloop-screen-robot_arm-next_forcing-s2826-t512-r1,robot_arm,next_forcing,2826,512,48,29.039261534953717,30.151775294435254,1.112513759481537,0.9710825880368551,0.976975105702877,0.005892517666021946,0.013156680390238762,0.008900173008441925,-0.004256507381796837
acwm-autoloop-screen-robot_arm-self_forcing_finetune-s2828-t512-r1,robot_arm,self_forcing_finetune,2828,512,16,31.767697530604035,31.444932340370954,-0.32276519023308126,0.9791081286966801,0.9806549549102783,0.0015468262135982513,0.006517000962048769,0.008501097559928894,0.001984096597880125
acwm-autoloop-screen-robot_arm-self_forcing_finetune-s2828-t512-r1,robot_arm,self_forcing_finetune,2828,512,32,30.749483165875166,28.488150619867785,-2.261332546007381,0.9764675870537758,0.9715705681592226,-0.0048970188945531845,0.008166683837771416,0.016556065529584885,0.008389381691813469
acwm-autoloop-screen-robot_arm-self_forcing_finetune-s2828-t512-r1,robot_arm,self_forcing_finetune,2828,512,48,29.039261534953717,27.090036786179027,-1.9492247487746894,0.9710825880368551,0.9649904196461042,-0.006092168390750885,0.013156680390238762,0.02328578196465969,0.010129101574420929
acwm-autoloop-screen-robot_arm-self_forcing_finetune-s2830-t512-r1,robot_arm,self_forcing_finetune,2830,512,16,31.767697530604035,33.995208694758816,2.2275111641547802,0.9791081286966801,0.9857246987521648,0.006616570055484772,0.006517000962048769,0.00415715342387557,-0.0023598475381731987
acwm-autoloop-screen-robot_arm-self_forcing_finetune-s2830-t512-r1,robot_arm,self_forcing_finetune,2830,512,32,30.749483165875166,31.367283145568884,0.6177999796937179,0.9764675870537758,0.9801337067037821,0.0036661196500062943,0.008166683837771416,0.007672946434468031,-0.0004937374033033848
acwm-autoloop-screen-robot_arm-self_forcing_finetune-s2830-t512-r1,robot_arm,self_forcing_finetune,2830,512,48,29.039261534953717,31.31443056802017,2.2751690330664545,0.9710825880368551,0.9795537988344828,0.008471210797627693,0.013156680390238762,0.00744975358247757,-0.005706926807761192
acwm-autoloop-screen-stack_cube-action_contrastive_finetune-s2004-t512-r1,stack_cube,action_contrastive_finetune,2004,512,16,21.153514481755835,2.4364960034538306,-18.717018478302005,0.8662639260292053,0.08001910120947286,-0.7862448248197325,0.024700140580534935,0.3410130739212036,0.3163129333406687
acwm-autoloop-screen-stack_cube-action_contrastive_finetune-s2004-t512-r1,stack_cube,action_contrastive_finetune,2004,512,32,20.855011745274012,2.2924343787654187,-18.562577366508595,0.8657860048115253,0.04195929395791609,-0.8238267108536093,0.02337764948606491,0.38362738490104675,0.36024973541498184
acwm-autoloop-screen-stack_cube-action_contrastive_finetune-s2004-t512-r1,stack_cube,action_contrastive_finetune,2004,512,48,21.165913499639327,2.222093368829765,-18.943820130809563,0.8677294192214807,0.030366386209304135,-0.8373630330121766,0.014643484726548195,0.41773781180381775,0.40309432707726955
acwm-autoloop-screen-stack_cube-action_contrastive_finetune-s2014-t512-r1,stack_cube,action_contrastive_finetune,2014,512,16,21.153514481755835,2.435449122074719,-18.718065359681116,0.8662639260292053,0.07995490729808807,-0.7863090187311172,0.024700140580534935,0.3409874737262726,0.31628733314573765
acwm-autoloop-screen-stack_cube-action_contrastive_finetune-s2014-t512-r1,stack_cube,action_contrastive_finetune,2014,512,32,20.855011745274012,2.288455030841604,-18.56655671443241,0.8657860048115253,0.041334358691528905,-0.8244516461199964,0.02337764948606491,0.38402441143989563,0.3606467619538307
acwm-autoloop-screen-stack_cube-action_contrastive_finetune-s2014-t512-r1,stack_cube,action_contrastive_finetune,2014,512,48,21.165913499639327,2.2165190694763024,-18.949394430163025,0.8677294192214807,0.029260270540059235,-0.8384691486814215,0.014643484726548195,0.41840022802352905,0.40375674329698086
acwm-autoloop-screen-stack_cube-cfg_guidance_schedule-s912-t512-r1,stack_cube,cfg_guidance_schedule,912,512,16,21.153514481755835,2.447129696195322,-18.706384785560513,0.8662639260292053,0.08183534484123811,-0.7844285811879672,0.024700140580534935,0.3398582935333252,0.31515815295279026
acwm-autoloop-screen-stack_cube-cfg_guidance_schedule-s912-t512-r1,stack_cube,cfg_guidance_schedule,912,512,32,20.855011745274012,2.2987161107575047,-18.55629563451651,0.8657860048115253,0.04307745638652705,-0.8227085484249983,0.02337764948606491,0.38293176889419556,0.35955411940813065
acwm-autoloop-screen-stack_cube-cfg_guidance_schedule-s912-t512-r1,stack_cube,cfg_guidance_schedule,912,512,48,21.165913499639327,2.2276739674662394,-18.93823953217309,0.8677294192214807,0.03149303334066644,-0.8362363858808143,0.014643484726548195,0.41713380813598633,0.40249032340943813
acwm-autoloop-screen-stack_cube-cfg_guidance_schedule-s995-t512-r1,stack_cube,cfg_guidance_schedule,995,512,16,21.153514481755835,2.4313642537859335,-18.7221502279699,0.8662639260292053,0.07923236985516269,-0.7870315561740426,0.024700140580534935,0.3413699269294739,0.31666978634893894
acwm-autoloop-screen-stack_cube-cfg_guidance_schedule-s995-t512-r1,stack_cube,cfg_guidance_schedule,995,512,32,20.855011745274012,2.2891307190517587,-18.565881026222254,0.8657860048115253,0.041399601053853985,-0.8243864037576714,0.02337764948606491,0.38397514820098877,0.36059749871492386
acwm-autoloop-screen-stack_cube-cfg_guidance_schedule-s995-t512-r1,stack_cube,cfg_guidance_schedule,995,512,48,21.165913499639327,2.219166379501972,-18.946747120137356,0.8677294192214807,0.02979078076411194,-0.8379386384573688,0.014643484726548195,0.41813918948173523,0.40349570475518703
acwm-autoloop-screen-stack_cube-dino_rep_injection-s2053-t512-r1,stack_cube,dino_rep_injection,2053,512,16,21.153514481755835,2.4419753807474818,-18.711539101008352,0.8662639260292053,0.0811785814439645,-0.7850853445852408,0.024700140580534935,0.3403240144252777,0.3156238738447428
acwm-autoloop-screen-stack_cube-dino_rep_injection-s2053-t512-r1,stack_cube,dino_rep_injection,2053,512,32,20.855011745274012,2.2959979181579664,-18.559013827116047,0.8657860048115253,0.04267106979386881,-0.8231149350176565,0.02337764948606491,0.3832228481769562,0.35984519869089127
acwm-autoloop-screen-stack_cube-dino_rep_injection-s2053-t512-r1,stack_cube,dino_rep_injection,2053,512,48,21.165913499639327,2.2253546163061793,-18.940558883333146,0.8677294192214807,0.031040866451803595,-0.8366885527696771,0.014643484726548195,0.417336642742157,0.4026931580156088
acwm-autoloop-screen-stack_cube-inv_dyn_reward_finetune-s861-t512-r1,stack_cube,inv_dyn_reward_finetune,861,512,16,21.153514481755835,2.4347208084200593,-18.718793673335774,0.8662639260292053,0.07989940211700741,-0.7863645239121979,0.024700140580534935,0.3409854769706726,0.3162853363901377
acwm-autoloop-screen-stack_cube-inv_dyn_reward_finetune-s861-t512-r1,stack_cube,inv_dyn_reward_finetune,861,512,32,20.855011745274012,2.290842114289999,-18.564169630984015,0.8657860048115253,0.04177911215083441,-0.8240068926606909,0.02337764948606491,0.38374799489974976,0.36037034541368484
acwm-autoloop-screen-stack_cube-inv_dyn_reward_finetune-s861-t512-r1,stack_cube,inv_dyn_reward_finetune,861,512,48,21.165913499639327,2.2199440125714416,-18.945969487067885,0.8677294192214807,0.03003533861192409,-0.8376940806095566,0.014643484726548195,0.41794440150260925,0.40330091677606106
acwm-autoloop-screen-stack_cube-inv_dyn_reward_finetune-s981-t512-r1,stack_cube,inv_dyn_reward_finetune,981,512,16,21.153514481755835,2.4375857901628635,-18.71592869159297,0.8662639260292053,0.08014735736651346,-0.7861165686626919,0.024700140580534935,0.3408876657485962,0.31618752516806126
acwm-autoloop-screen-stack_cube-inv_dyn_reward_finetune-s981-t512-r1,stack_cube,inv_dyn_reward_finetune,981,512,32,20.855011745274012,2.2914339350115847,-18.563577810262426,0.8657860048115253,0.04174557118676603,-0.8240404336247593,0.02337764948606491,0.38377636671066284,0.36039871722459793
acwm-autoloop-screen-stack_cube-inv_dyn_reward_finetune-s981-t512-r1,stack_cube,inv_dyn_reward_finetune,981,512,48,21.165913499639327,2.2206061029553927,-18.945307396683933,0.8677294192214807,0.030010104363706585,-0.8377193148577742,0.014643484726548195,0.41794756054878235,0.40330407582223415
acwm-autoloop-screen-stack_cube-inv_dyn_reward_finetune-s984-t512-r1,stack_cube,inv_dyn_reward_finetune,984,512,16,21.153514481755835,2.436924263365244,-18.71659021839059,0.8662639260292053,0.08025368524249643,-0.7860102407867089,0.024700140580534935,0.3406900465488434,0.31598990596830845
acwm-autoloop-screen-stack_cube-inv_dyn_reward_finetune-s984-t512-r1,stack_cube,inv_dyn_reward_finetune,984,512,32,20.855011745274012,2.291326883628512,-18.563684861645502,0.8657860048115253,0.04185808413603809,-0.8239279206754873,0.02337764948606491,0.38366612792015076,0.36028847843408585
acwm-autoloop-screen-stack_cube-inv_dyn_reward_finetune-s984-t512-r1,stack_cube,inv_dyn_reward_finetune,984,512,48,21.165913499639327,2.220624232012729,-18.9452892676266,0.8677294192214807,0.030148304445901886,-0.8375811147755788,0.014643484726548195,0.41789042949676514,0.40324694477021694
acwm-autoloop-screen-stack_cube-latent_motion_prior-s986-t512-r1,stack_cube,latent_motion_prior,986,512,16,21.153514481755835,2.438919131830368,-18.714595349925467,0.8662639260292053,0.08047376867034473,-0.7857901573588606,0.024700140580534935,0.34062492847442627,0.31592478789389133
acwm-autoloop-screen-stack_cube-latent_motion_prior-s986-t512-r1,stack_cube,latent_motion_prior,986,512,32,20.855011745274012,2.2952601216445565,-18.559751623629456,0.8657860048115253,0.042458272524527274,-0.8233277322869981,0.02337764948606491,0.38329532742500305,0.35991767793893814
acwm-autoloop-screen-stack_cube-latent_motion_prior-s986-t512-r1,stack_cube,latent_motion_prior,986,512,48,21.165913499639327,2.2250145546965423,-18.940898944942784,0.8677294192214807,0.030939475652606536,-0.8367899435688742,0.014643484726548195,0.41741153597831726,0.40276805125176907
acwm-autoloop-screen-stack_cube-latent_motion_prior-s989-t512-r1,stack_cube,latent_motion_prior,989,512,16,21.153514481755835,2.4385351528133423,-18.71497932894249,0.8662639260292053,0.08032543018634897,-0.7859384958428564,0.024700140580534935,0.3407564163208008,0.31605627574026585
acwm-autoloop-screen-stack_cube-latent_motion_prior-s989-t512-r1,stack_cube,latent_motion_prior,989,512,32,20.855011745274012,2.2925989475074458,-18.562412797766566,0.8657860048115253,0.04197749253944494,-0.8238085122720804,0.02337764948606491,0.3835861086845398,0.3602084591984749
acwm-autoloop-screen-stack_cube-latent_motion_prior-s989-t512-r1,stack_cube,latent_motion_prior,989,512,48,21.165913499639327,2.22176694697621,-18.944146552663117,0.8677294192214807,0.030278737443344046,-0.8374506817781366,0.014643484726548195,0.4177875816822052,0.403144096955657
acwm-autoloop-screen-stack_cube-latent_spatial_memory-s871-t512-r1,stack_cube,latent_spatial_memory,871,512,16,21.153514481755835,2.4318128529553054,-18.72170162880053,0.8662639260292053,0.07943600199359935,-0.786827924035606,0.024700140580534935,0.341259241104126,0.31655910052359104
acwm-autoloop-screen-stack_cube-latent_spatial_memory-s871-t512-r1,stack_cube,latent_spatial_memory,871,512,32,20.855011745274012,2.2881928517868073,-18.566818893487206,0.8657860048115253,0.04135371933080023,-0.8244322854807251,0.02337764948606491,0.3840285837650299,0.360650934278965
acwm-autoloop-screen-stack_cube-latent_spatial_memory-s871-t512-r1,stack_cube,latent_spatial_memory,871,512,48,21.165913499639327,2.217918660025083,-18.947994839614243,0.8677294192214807,0.029715491318105098,-0.8380139279033756,0.014643484726548195,0.4182043969631195,0.4035609122365713
acwm-autoloop-screen-stack_cube-latent_spatial_memory-s974-t512-r1,stack_cube,latent_spatial_memory,974,512,16,21.153514481755835,2.4397884296113386,-18.713726052144494,0.8662639260292053,0.08060021669371054,-0.7856637093354948,0.024700140580534935,0.34059572219848633,0.3158955816179514
acwm-autoloop-screen-stack_cube-latent_spatial_memory-s974-t512-r1,stack_cube,latent_spatial_memory,974,512,32,20.855011745274012,2.293859531457608,-18.561152213816406,0.8657860048115253,0.04222093549469719,-0.8235650693168282,0.02337764948606491,0.3834470510482788,0.3600694015622139
acwm-autoloop-screen-stack_cube-latent_spatial_memory-s974-t512-r1,stack_cube,latent_spatial_memory,974,512,48,21.165913499639327,2.2221831823208436,-18.943730317318483,0.8677294192214807,0.03035597269869565,-0.8373734465227851,0.014643484726548195,0.4177325665950775,0.4030890818685293
acwm-autoloop-screen-stack_cube-latent_spatial_memory-s978-t512-r1,stack_cube,latent_spatial_memory,978,512,16,21.153514481755835,2.440430868496424,-18.71308361325941,0.8662639260292053,0.08073168023838662,-0.7855322457908187,0.024700140580534935,0.34060341119766235,0.3159032706171274
acwm-autoloop-screen-stack_cube-latent_spatial_memory-s978-t512-r1,stack_cube,latent_spatial_memory,978,512,32,20.855011745274012,2.2936321428204405,-18.56137960245357,0.8657860048115253,0.042174254936981015,-0.8236117498745443,0.02337764948606491,0.38351792097091675,0.36014027148485184
acwm-autoloop-screen-stack_cube-latent_spatial_memory-s978-t512-r1,stack_cube,latent_spatial_memory,978,512,48,21.165913499639327,2.2224876120574915,-18.943425887581835,0.8677294192214807,0.03039955494265693,-0.8373298642788238,0.014643484726548195,0.41768479347229004,0.40304130874574184
acwm-autoloop-screen-stack_cube-mixture_reweight-s801-t512-r1,stack_cube,mixture_reweight,801,512,16,21.153514481755835,2.438823814722281,-18.714690667033555,0.8662639260292053,0.08059873602178413,-0.7856651900074212,0.024700140580534935,0.3405841290950775,0.3158839885145426
acwm-autoloop-screen-stack_cube-mixture_reweight-s801-t512-r1,stack_cube,mixture_reweight,801,512,32,20.855011745274012,2.2922369045062334,-18.56277484076778,0.8657860048115253,0.0420411100203637,-0.8237448947911616,0.02337764948606491,0.3835945427417755,0.3602168932557106
acwm-autoloop-screen-stack_cube-mixture_reweight-s801-t512-r1,stack_cube,mixture_reweight,801,512,48,21.165913499639327,2.2210256805310915,-18.944887819108235,0.8677294192214807,0.03028024305240251,-0.8374491761690782,0.014643484726548195,0.41783609986305237,0.4031926151365042
acwm-autoloop-screen-stack_cube-mixture_reweight-s960-t512-r1,stack_cube,mixture_reweight,960,512,16,21.153514481755835,2.448044759444892,-18.705469722310944,0.8662639260292053,0.0819761213788297,-0.7842878046503756,0.024700140580534935,0.3400003910064697,0.3153002504259348
acwm-autoloop-screen-stack_cube-mixture_reweight-s960-t512-r1,stack_cube,mixture_reweight,960,512,32,20.855011745274012,2.2987323714322736,-18.55627937384174,0.8657860048115253,0.04306313004781259,-0.8227228747637128,0.02337764948606491,0.38302209973335266,0.35964445024728775
acwm-autoloop-screen-stack_cube-mixture_reweight-s960-t512-r1,stack_cube,mixture_reweight,960,512,48,21.165913499639327,2.226925640383471,-18.938987859255857,0.8677294192214807,0.03126647258856489,-0.8364629466329159,0.014643484726548195,0.4171963930130005,0.4025529082864523
acwm-autoloop-screen-stack_cube-mixture_reweight-s968-t512-r1,stack_cube,mixture_reweight,968,512,16,21.153514481755835,2.441166952399834,-18.712347529356002,0.8662639260292053,0.08065187004103791,-0.7856120559881674,0.024700140580534935,0.3405448794364929,0.315844738855958
acwm-autoloop-screen-stack_cube-mixture_reweight-s968-t512-r1,stack_cube,mixture_reweight,968,512,32,20.855011745274012,2.294133028157238,-18.560878717116776,0.8657860048115253,0.04217605590383755,-0.8236099489076878,0.02337764948606491,0.3834514915943146,0.36007384210824966
acwm-autoloop-screen-stack_cube-mixture_reweight-s968-t512-r1,stack_cube,mixture_reweight,968,512,48,21.165913499639327,2.222789040111999,-18.94312445952733,0.8677294192214807,0.030393119877165493,-0.8373362993443152,0.014643484726548195,0.41766878962516785,0.40302530489861965
acwm-autoloop-screen-stack_cube-motion_region_reweight-s2082-t512-r1,stack_cube,motion_region_reweight,2082,512,16,21.153514481755835,2.4423092419747277,-18.71120523978111,0.8662639260292053,0.08104150861618109,-0.7852224174130242,0.024700140580534935,0.3403738737106323,0.3156737331300974
acwm-autoloop-screen-stack_cube-motion_region_reweight-s2082-t512-r1,stack_cube,motion_region_reweight,2082,512,32,20.855011745274012,2.2961753593491645,-18.55883638592485,0.8657860048115253,0.04263704189361306,-0.8231489629179123,0.02337764948606491,0.38321593403816223,0.3598382845520973
acwm-autoloop-screen-stack_cube-motion_region_reweight-s2082-t512-r1,stack_cube,motion_region_reweight,2082,512,48,21.165913499639327,2.225247020871527,-18.9406664787678,0.8677294192214807,0.03100072126350521,-0.8367286979579756,0.014643484726548195,0.4174173176288605,0.4027738329023123
acwm-autoloop-screen-stack_cube-motion_region_reweight-s2085-t512-r1,stack_cube,motion_region_reweight,2085,512,16,21.153514481755835,2.4333905681469123,-18.720123913608923,0.8662639260292053,0.07954666014120448,-0.7867172658880008,0.024700140580534935,0.3412618339061737,0.31656169332563877
acwm-autoloop-screen-stack_cube-motion_region_reweight-s2085-t512-r1,stack_cube,motion_region_reweight,2085,512,32,20.855011745274012,2.289232015573244,-18.56577972970077,0.8657860048115253,0.04143607191144838,-0.824349932900077,0.02337764948606491,0.3839893639087677,0.3606117144227028
acwm-autoloop-screen-stack_cube-motion_region_reweight-s2085-t512-r1,stack_cube,motion_region_reweight,2085,512,48,21.165913499639327,2.21942571889629,-18.946487780743038,0.8677294192214807,0.029899312074121553,-0.8378301071473592,0.014643484726548195,0.4180716276168823,0.40342814289033413
acwm-autoloop-screen-stack_cube-motion_region_reweight-s2088-t512-r1,stack_cube,motion_region_reweight,2088,512,16,21.153514481755835,2.432681182586227,-18.72083329916961,0.8662639260292053,0.07940782720106654,-0.7868560988281388,0.024700140580534935,0.3413596451282501,0.3166595045477152
acwm-autoloop-screen-stack_cube-motion_region_reweight-s2088-t512-r1,stack_cube,motion_region_reweight,2088,512,32,20.855011745274012,2.2886654870193537,-18.566346258254658,0.8657860048115253,0.041318056515592616,-0.8244679482959327,0.02337764948606491,0.384059876203537,0.3606822267174721
acwm-autoloop-screen-stack_cube-motion_region_reweight-s2088-t512-r1,stack_cube,motion_region_reweight,2088,512,48,21.165913499639327,2.217743956137433,-18.948169543501894,0.8677294192214807,0.029489787901790503,-0.8382396313196903,0.014643484726548195,0.4182433784008026,0.4035998936742544
acwm-autoloop-screen-stack_cube-self_forcing_finetune-s1801-t512-r1,stack_cube,self_forcing_finetune,1801,512,16,21.153514481755835,2.4478328041792987,-18.705681677576536,0.8662639260292053,0.0818049361841986,-0.7844589898450067,0.024700140580534935,0.339546263217926,0.3148461226373911
acwm-autoloop-screen-stack_cube-self_forcing_finetune-s1801-t512-r1,stack_cube,self_forcing_finetune,1801,512,32,20.855011745274012,2.304382025138539,-18.550629720135472,0.8657860048115253,0.043835812692123,-0.8219501921194023,0.02337764948606491,0.3822214901447296,0.3588438406586647
acwm-autoloop-screen-stack_cube-self_forcing_finetune-s1801-t512-r1,stack_cube,self_forcing_finetune,1801,512,48,21.165913499639327,2.233243131500668,-18.93267036813866,0.8677294192214807,0.03225188080978114,-0.8354775384116996,0.014643484726548195,0.41635048389434814,0.40170699916779995
acwm-autoloop-screen-stack_cube-self_forcing_finetune-s1810-t512-r1,stack_cube,self_forcing_finetune,1810,512,16,21.153514481755835,2.451303622726322,-18.702210859029513,0.8662639260292053,0.08234482612169813,-0.7839190999075072,0.024700140580534935,0.3392863869667053,0.3145862463861704
acwm-autoloop-screen-stack_cube-self_forcing_finetune-s1810-t512-r1,stack_cube,self_forcing_finetune,1810,512,32,20.855011745274012,2.3091578789966642,-18.545853866277348,0.8657860048115253,0.04462559922103537,-0.82116040559049,0.02337764948606491,0.381742924451828,0.3583652749657631
acwm-autoloop-screen-stack_cube-self_forcing_finetune-s1810-t512-r1,stack_cube,self_forcing_finetune,1810,512,48,21.165913499639327,2.2382503541115786,-18.92766314552775,0.8677294192214807,0.03322267479476674,-0.834506744426714,0.014643484726548195,0.4157768189907074,0.4011333342641592
acwm-autoloop-screen-stack_cube-self_forcing_finetune-s1813-t512-r1,stack_cube,self_forcing_finetune,1813,512,16,21.153514481755835,2.4507023555007814,-18.702812126255054,0.8662639260292053,0.08177338889800012,-0.7844905371312052,0.024700140580534935,0.3397507667541504,0.31505062617361546
acwm-autoloop-screen-stack_cube-self_forcing_finetune-s1813-t512-r1,stack_cube,self_forcing_finetune,1813,512,32,20.855011745274012,2.304204248334639,-18.550807496939374,0.8657860048115253,0.04356416387599893,-0.8222218409355264,0.02337764948606491,0.3824663460254669,0.359088696539402
acwm-autoloop-screen-stack_cube-self_forcing_finetune-s1813-t512-r1,stack_cube,self_forcing_finetune,1813,512,48,21.165913499639327,2.2319441894536802,-18.933969310185645,0.8677294192214807,0.03181150832097046,-0.8359179109005103,0.014643484726548195,0.41663622856140137,0.4019927438348532
acwm-autoloop-screen-stack_cube-wmsd_self_distill-s2057-t512-r1,stack_cube,wmsd_self_distill,2057,512,16,21.153514481755835,2.440412252322484,-18.71310222943335,0.8662639260292053,0.0807245278992923,-0.785539398129913,0.024700140580534935,0.34048545360565186,0.3157853130251169
acwm-autoloop-screen-stack_cube-wmsd_self_distill-s2057-t512-r1,stack_cube,wmsd_self_distill,2057,512,32,20.855011745274012,2.2949847975611415,-18.56002694771287,0.8657860048115253,0.042443810241820756,-0.8233421945697046,0.02337764948606491,0.38330352306365967,0.35992587357759476
acwm-autoloop-screen-stack_cube-wmsd_self_distill-s2057-t512-r1,stack_cube,wmsd_self_distill,2057,512,48,21.165913499639327,2.2242865580551525,-18.941626941584175,0.8677294192214807,0.03081717419263441,-0.8369122450288463,0.014643484726548195,0.41751471161842346,0.40287122689187527
acwm-autoloop-screen-stack_cube-wmsd_self_distill-s2079-t512-r1,stack_cube,wmsd_self_distill,2079,512,16,21.153514481755835,2.439362156894665,-18.71415232486117,0.8662639260292053,0.08087881696701515,-0.7853851090621902,0.024700140580534935,0.34041959047317505,0.3157194498926401
acwm-autoloop-screen-stack_cube-wmsd_self_distill-s2079-t512-r1,stack_cube,wmsd_self_distill,2079,512,32,20.855011745274012,2.2950585668956007,-18.55995317837841,0.8657860048115253,0.04264033728395589,-0.8231456675275695,0.02337764948606491,0.3832654654979706,0.35988781601190567
acwm-autoloop-screen-stack_cube-wmsd_self_distill-s2079-t512-r1,stack_cube,wmsd_self_distill,2079,512,48,21.165913499639327,2.2249104242557314,-18.941003075383595,0.8677294192214807,0.031137675784217816,-0.836591743437263,0.014643484726548195,0.4174160063266754,0.4027725216001272
acwm-gap-formal_confirmation-robot_arm-latent_motion_prior-s501-r1,robot_arm,latent_motion_prior,501,16,16,31.767697530604035,33.04439043377375,1.2766929031697138,0.9791081286966801,0.9818973541259766,0.0027892254292964935,0.006517000962048769,0.0043398733250796795,-0.0021771276369690895
acwm-gap-formal_confirmation-robot_arm-latent_motion_prior-s501-r1,robot_arm,latent_motion_prior,501,16,32,30.749483165875166,32.82720674367173,2.077723577796565,0.9764675870537758,0.9811977539211512,0.004730166867375374,0.008166683837771416,0.00426348065957427,-0.0039032031781971455
acwm-gap-formal_confirmation-robot_arm-latent_motion_prior-s501-r1,robot_arm,latent_motion_prior,501,16,48,29.039261534953717,31.533955705640892,2.4946941706871755,0.9710825880368551,0.9780478216707706,0.006965233633915546,0.013156680390238762,0.006106319837272167,-0.007050360552966595
acwm-gap-formal_confirmation-robot_arm-latent_motion_prior-s502-r1,robot_arm,latent_motion_prior,502,16,16,31.767697530604035,32.75537717645072,0.9876796458466863,0.9791081286966801,0.9813053123652935,0.002197183668613434,0.006517000962048769,0.004812625702470541,-0.001704375259578228
acwm-gap-formal_confirmation-robot_arm-latent_motion_prior-s502-r1,robot_arm,latent_motion_prior,502,16,32,30.749483165875166,31.612504234541593,0.863021068666427,0.9764675870537758,0.9780774358659983,0.0016098488122224808,0.008166683837771416,0.0060050939209759235,-0.002161589916795492
acwm-gap-formal_confirmation-robot_arm-latent_motion_prior-s502-r1,robot_arm,latent_motion_prior,502,16,48,29.039261534953717,30.837129964931613,1.7978684299778962,0.9710825880368551,0.975721308340629,0.00463872030377388,0.013156680390238762,0.007322598248720169,-0.005834082141518593
acwm-gap-formal_confirmation-robot_arm-latent_motion_prior-s503-r1,robot_arm,latent_motion_prior,503,16,16,31.767697530604035,32.51189824117529,0.7442007105712527,0.9791081286966801,0.9804528914391994,0.0013447627425193787,0.006517000962048769,0.0051473029889166355,-0.0013696979731321335
acwm-gap-formal_confirmation-robot_arm-latent_motion_prior-s503-r1,robot_arm,latent_motion_prior,503,16,32,30.749483165875166,31.770615235128727,1.0211320692535608,0.9764675870537758,0.9784565921872854,0.001989005133509636,0.008166683837771416,0.005920579191297293,-0.002246104646474123
acwm-gap-formal_confirmation-robot_arm-latent_motion_prior-s503-r1,robot_arm,latent_motion_prior,503,16,48,29.039261534953717,30.176362867660256,1.1371013327065391,0.9710825880368551,0.9736821614205837,0.002599573383728626,0.013156680390238762,0.008818340487778187,-0.004338339902460575
acwm-gap-staging_canary-cloth_move-latent_motion_prior-s701-t512-r1,cloth_move,latent_motion_prior,701,512,16,24.01089321038828,24.45906485370916,0.4481716433208831,0.9374610781669617,0.9387696273624897,0.0013085491955280304,0.03960104659199715,0.036059990525245667,-0.00354105606675148
acwm-gap-staging_canary-cloth_move-latent_motion_prior-s701-t512-r1,cloth_move,latent_motion_prior,701,512,32,20.589571426648146,20.886149127961783,0.2965777013136375,0.9206381570547819,0.918883852660656,-0.0017543043941259384,0.06125926226377487,0.05234232917428017,-0.008916933089494705
acwm-gap-staging_canary-cloth_move-latent_motion_prior-s701-t512-r1,cloth_move,latent_motion_prior,701,512,48,19.27522625598234,19.42268764324988,0.14746138726754054,0.9110375866293907,0.9111263093849024,8.872275551163877e-05,0.06917846202850342,0.07133779674768448,0.002159334719181061
acwm-gap-staging_canary-pour_water-drift_token_trim-s501-r1,pour_water,drift_token_trim,501,16,16,31.025167637688973,31.506720128883426,0.48155249119445287,0.9759492799639702,0.9786650612950325,0.002715781331062317,0.01284656673669815,0.01139658223837614,-0.00144998449832201
acwm-gap-staging_canary-pour_water-drift_token_trim-s501-r1,pour_water,drift_token_trim,501,16,32,28.98902489729537,28.290207516984054,-0.6988173803113149,0.9664606619626284,0.9672194421291351,0.0007587801665067673,0.0099295973777771,0.012442418374121189,0.0025128209963440895
acwm-gap-staging_canary-pour_water-drift_token_trim-s501-r1,pour_water,drift_token_trim,501,16,48,29.228558765336892,27.158613481538985,-2.0699452837979067,0.9633740074932575,0.9558671476940314,-0.007506859799226162,0.006097163073718548,0.010961338877677917,0.00486417580395937
acwm-gap-staging_canary-pour_water-drift_token_trim-s501-r1,pour_water,drift_token_trim,501,16,64,28.59194623392821,26.177615311643567,-2.414330922284641,0.9566183453425765,0.944486640393734,-0.012131704948842525,0.005958786699920893,0.011034862138330936,0.005076075438410044
acwm-gap-staging_canary-pour_water-drift_token_trim-s502-r1,pour_water,drift_token_trim,502,16,16,31.025167637688973,30.784386967157282,-0.2407806705316915,0.9759492799639702,0.9759914204478264,4.214048385620117e-05,0.01284656673669815,0.013808542862534523,0.0009619761258363724
acwm-gap-staging_canary-pour_water-drift_token_trim-s502-r1,pour_water,drift_token_trim,502,16,32,28.98902489729537,27.89380505579902,-1.0952198414963483,0.9664606619626284,0.9666027221828699,0.00014206022024154663,0.0099295973777771,0.01389644481241703,0.003966847434639931
acwm-gap-staging_canary-pour_water-drift_token_trim-s502-r1,pour_water,drift_token_trim,502,16,48,29.228558765336892,27.035590766646777,-2.192967998690115,0.9633740074932575,0.9598400344451269,-0.003533973048130634,0.006097163073718548,0.012043404392898083,0.005946241319179535
acwm-gap-staging_canary-pour_water-drift_token_trim-s502-r1,pour_water,drift_token_trim,502,16,64,28.59194623392821,26.682417549116614,-1.909528684811594,0.9566183453425765,0.9538508290424943,-0.0027675163000822067,0.005958786699920893,0.010554274544119835,0.004595487844198942
acwm-gap-staging_canary-pour_water-drift_token_trim-s503-r1,pour_water,drift_token_trim,503,16,16,31.025167637688973,29.090997243717883,-1.9341703939710904,0.9759492799639702,0.9706296287477016,-0.005319651216268539,0.01284656673669815,0.021340033039450645,0.008493466302752495
acwm-gap-staging_canary-pour_water-drift_token_trim-s503-r1,pour_water,drift_token_trim,503,16,32,28.98902489729537,26.464262505618148,-2.5247623916772213,0.9664606619626284,0.9581477474421263,-0.00831291452050209,0.0099295973777771,0.019745614379644394,0.009816017001867294
acwm-gap-staging_canary-pour_water-drift_token_trim-s503-r1,pour_water,drift_token_trim,503,16,48,29.228558765336892,26.01581134069221,-3.2127474246446823,0.9633740074932575,0.9505933100978533,-0.012780697395404217,0.006097163073718548,0.015049304813146591,0.008952141739428043
acwm-gap-staging_canary-pour_water-drift_token_trim-s503-r1,pour_water,drift_token_trim,503,16,64,28.59194623392821,25.841110701992775,-2.750835531935433,0.9566183453425765,0.9442424606531858,-0.01237588468939066,0.005958786699920893,0.012686545960605145,0.006727759260684252
acwm-gap-staging_canary-pour_water-drift_token_trim-s701-t512-r1,pour_water,drift_token_trim,701,512,16,31.025167637688973,31.608720819595813,0.58355318190684,0.9759492799639702,0.97734434902668,0.0013950690627098083,0.01284656673669815,0.010218238458037376,-0.0026283282786607742
acwm-gap-staging_canary-pour_water-drift_token_trim-s701-t512-r1,pour_water,drift_token_trim,701,512,32,28.98902489729537,28.157730315687775,-0.8312945816075938,0.9664606619626284,0.9643694050610065,-0.0020912569016218185,0.0099295973777771,0.012544614262878895,0.002615016885101795
acwm-gap-staging_canary-pour_water-drift_token_trim-s701-t512-r1,pour_water,drift_token_trim,701,512,48,29.228558765336892,26.97057479082566,-2.257983974511234,0.9633740074932575,0.95540793115894,-0.007966076334317562,0.006097163073718548,0.011988705024123192,0.005891541950404644
acwm-gap-staging_canary-pour_water-drift_token_trim-s701-t512-r1,pour_water,drift_token_trim,701,512,64,28.59194623392821,26.217982379978395,-2.373963853949814,0.9566183453425765,0.9480213914066553,-0.008596953935921192,0.005958786699920893,0.011974615044891834,0.0060158283449709415
acwm-screen-v2-push_cube-mixture_reweight-s711-t512-r1,push_cube,mixture_reweight,711,512,16,32.151832233127244,30.568532641597198,-1.5832995915300465,0.9749764166772366,0.9707410323123137,-0.004235384364922878,0.005313880431155364,0.004825525839502613,-0.000488354591652751
acwm-screen-v2-push_cube-mixture_reweight-s711-t512-r1,push_cube,mixture_reweight,711,512,32,29.54341471999736,28.25323279813642,-1.2901819218609418,0.96376201013724,0.9570730285098156,-0.006688981627424484,0.006724217751373847,0.007404461270198226,0.0006802435188243789
acwm-screen-v2-push_cube-mixture_reweight-s711-t512-r1,push_cube,mixture_reweight,711,512,48,27.109420556244785,26.756749945597985,-0.3526706106468005,0.9543204348948268,0.9483211632404064,-0.0059992716544203795,0.008618473075330257,0.009724945606042942,0.0011064725307126846
acwm-screen-v2-push_cube-mixture_reweight-s711-t512-r1,push_cube,mixture_reweight,711,512,64,25.9528481994205,25.921656876008,-0.031191323412500083,0.9481209876636664,0.943677785495917,-0.004443202167749405,0.009809626266360283,0.010736883617937565,0.000927257351577282
acwm-screen-v2-reacher-next_forcing-s711-t4000-r1,reacher,next_forcing,711,4000,16,30.746713239740256,32.84624213814677,2.099528898406515,0.9845484346151352,0.9888410059114298,0.004292571296294567,0.020072740813096363,0.010388077547152838,-0.009684663265943525
acwm-screen-v2-reacher-next_forcing-s711-t4000-r1,reacher,next_forcing,711,4000,32,29.83935883540438,31.228612877463963,1.3892540420595836,0.9819237980991602,0.9869050439447165,0.004981245845556259,0.025261250014106434,0.015018432711561521,-0.010242817302544912
acwm-screen-v2-reacher-next_forcing-s711-t512-r1,reacher,next_forcing,711,512,16,30.746713239740256,32.299512821096194,1.5527995813559379,0.9845484346151352,0.9877413449188074,0.0031929103036721918,0.020072740813096363,0.016482493840157986,-0.0035902469729383775
acwm-screen-v2-reacher-next_forcing-s711-t512-r1,reacher,next_forcing,711,512,32,29.83935883540438,31.12067045829009,1.2813116228857098,0.9819237980991602,0.9863648408403,0.004441042741139767,0.025261250014106434,0.020041927384833496,-0.005219322629272938
